,District,Year,CompBenchmark,CompYoYChange
567,Old Toronto,2015,602000.0,6.93
568,Old Toronto,2015,602000.0,6.93
569,Old Toronto,2015,603600.0,7.54
570,Old Toronto,2015,603600.0,7.54
571,Old Toronto,2015,607600.0,8.62
572,Old Toronto,2015,607600.0,8.62
573,Old Toronto,2015,609500.0,8.21
574,Old Toronto,2015,609500.0,8.21
575,Old Toronto,2015,612800.0,8.03
576,Old Toronto,2015,612800.0,8.03
577,Old Toronto,2015,613200.0,7.66
578,Old Toronto,2015,613200.0,7.66
579,Old Toronto,2016,617100.0,8.35
580,Old Toronto,2016,617100.0,8.35
581,Old Toronto,2016,621400.0,8.6
582,Old Toronto,2016,621400.0,8.6
583,Old Toronto,2016,633800.0,9.33
584,Old Toronto,2016,633800.0,9.33
585,Old Toronto,2016,646900.0,9.86
586,Old Toronto,2016,646900.0,9.86
587,Old Toronto,2016,666300.0,11.71
588,Old Toronto,2016,666300.0,11.71
589,Old Toronto,2016,676100.0,12.68
590,Old Toronto,2016,676100.0,12.68
591,Old Toronto,2016,682000.0,13.35
592,Old Toronto,2016,682000.0,13.35
593,Old Toronto,2016,685300.0,13.53
594,Old Toronto,2016,685300.0,13.53
595,Old Toronto,2016,690900.0,13.77
596,Old Toronto,2016,690900.0,13.77
597,Old Toronto,2016,705600.0,15.76
598,Old Toronto,2016,705600.0,15.76
599,Old Toronto,2016,713800.0,16.54
600,Old Toronto,2016,713800.0,16.54
601,Old Toronto,2016,720400.0,17.55
602,Old Toronto,2016,720400.0,17.55
603,Old Toronto,2017,720200.0,18.94
604,Old Toronto,2017,720200.0,18.94
605,Old Toronto,2017,737400.0,19.92
606,Old Toronto,2017,737400.0,19.92
607,Old Toronto,2017,778700.0,24.13
608,Old Toronto,2017,778700.0,24.13
609,Old Toronto,2017,817000.0,27.66
610,Old Toronto,2017,817000.0,27.66
611,Old Toronto,2017,830300.0,26.1
612,Old Toronto,2017,830300.0,26.1
613,Old Toronto,2017,829500.0,24.22
614,Old Toronto,2017,829500.0,24.22
615,Old Toronto,2017,807800.0,20.1
616,Old Toronto,2017,807800.0,20.1
617,Old Toronto,2017,790000.0,16.71
618,Old Toronto,2017,790000.0,16.71
619,Old Toronto,2017,787700.0,15.28
620,Old Toronto,2017,787700.0,15.28
621,Old Toronto,2017,790300.0,13.29
622,Old Toronto,2017,790300.0,13.29
623,Old Toronto,2017,791300.0,12.33
624,Old Toronto,2017,791300.0,12.33
625,Old Toronto,2017,793900.0,11.67
626,Old Toronto,2017,793900.0,11.67
627,Old Toronto,2018,794200.0,10.31
628,Old Toronto,2018,794200.0,10.31
629,Old Toronto,2018,807500.0,9.54
630,Old Toronto,2018,807500.0,9.54
631,Old Toronto,2018,817800.0,4.78
632,Old Toronto,2018,817800.0,4.78
633,Old Toronto,2018,830500.0,1.55
634,Old Toronto,2018,830500.0,1.55
635,Old Toronto,2018,839600.0,1.01
636,Old Toronto,2018,839600.0,1.01
637,Old Toronto,2018,840200.0,1.29
638,Old Toronto,2018,840200.0,1.29
639,Old Toronto,2018,838900.0,3.85
640,Old Toronto,2018,838900.0,3.85
641,Old Toronto,2018,838200.0,6.07
642,Old Toronto,2018,838200.0,6.07
643,Old Toronto,2018,841700.0,6.74
644,Old Toronto,2018,841700.0,6.74
645,Old Toronto,2018,845900.0,7.01
646,Old Toronto,2018,845900.0,7.01
647,Old Toronto,2018,844600.0,6.72
648,Old Toronto,2018,844600.0,6.72
649,Old Toronto,2018,845000.0,6.41
650,Old Toronto,2018,845000.0,6.41
651,Old Toronto,2019,840100.0,5.76
652,Old Toronto,2019,840100.0,5.76
653,Old Toronto,2019,852400.0,5.5
654,Old Toronto,2019,852400.0,5.5
655,Old Toronto,2019,863800.0,5.55
656,Old Toronto,2019,863800.0,5.55
657,Old Toronto,2019,873800.0,5.15
658,Old Toronto,2019,873800.0,5.15
659,Old Toronto,2019,879300.0,4.71
660,Old Toronto,2019,879300.0,4.71
661,Old Toronto,2019,882900.0,5.05
662,Old Toronto,2019,882900.0,5.05
663,Old Toronto,2019,886500.0,5.64
664,Old Toronto,2019,886500.0,5.64
665,Old Toronto,2019,887800.0,5.92
666,Old Toronto,2019,887800.0,5.92
667,Old Toronto,2019,890000.0,5.74
668,Old Toronto,2019,890000.0,5.74
669,Old Toronto,2019,897200.0,6.06
670,Old Toronto,2019,897200.0,6.06
671,Old Toronto,2019,903700.0,6.99
672,Old Toronto,2019,903700.0,6.99
673,Old Toronto,2019,907200.0,7.37
674,Old Toronto,2019,907200.0,7.37
675,Old Toronto,2020,913700.0,8.76
676,Old Toronto,2020,913700.0,8.76
677,Old Toronto,2020,932500.0,9.4
678,Old Toronto,2020,932500.0,9.4
679,Old Toronto,2020,955200.0,10.59
680,Old Toronto,2020,955200.0,10.59
681,Old Toronto,2020,964600.0,10.43
682,Old Toronto,2020,964600.0,10.43
683,Old Toronto,2020,966900.0,9.79
684,Old Toronto,2020,966900.0,9.79
685,Old Toronto,2020,952000.0,7.66
686,Old Toronto,2020,952000.0,7.66
687,Old Toronto,2020,967900.0,9.06
688,Old Toronto,2020,967900.0,9.06
689,Old Toronto,2020,971800.0,9.34
690,Old Toronto,2020,971800.0,9.34
691,Old Toronto,2020,971500.0,9.02
692,Old Toronto,2020,971500.0,9.02
693,Old Toronto,2020,962700.0,7.18
694,Old Toronto,2020,962700.0,7.18
695,Old Toronto,2020,958200.0,5.95
696,Old Toronto,2020,958200.0,5.95
697,Old Toronto,2020,952400.0,4.78
698,Old Toronto,2020,952400.0,4.78
699,Old Toronto,2021,961100.0,4.99
700,Old Toronto,2021,961100.0,4.99
701,Old Toronto,2021,990900.0,6.04
702,Old Toronto,2021,990900.0,6.04
703,Old Toronto,2021,1029200.0,7.45
704,Old Toronto,2021,1029200.0,7.45
2346,Old Toronto,2015,478800.0,2.99
2347,Old Toronto,2015,486000.0,4.92
2348,Old Toronto,2015,488200.0,7.12
2349,Old Toronto,2015,484500.0,5.22
2350,Old Toronto,2015,483000.0,4.22
2351,Old Toronto,2015,480600.0,2.21
2352,Old Toronto,2016,479700.0,3.47
2353,Old Toronto,2016,482700.0,4.0
2354,Old Toronto,2016,490900.0,5.2
2355,Old Toronto,2016,499600.0,6.22
2356,Old Toronto,2016,512500.0,7.04
2357,Old Toronto,2016,510000.0,7.69
2358,Old Toronto,2016,516200.0,7.82
2359,Old Toronto,2016,515900.0,6.17
2360,Old Toronto,2016,525800.0,7.72
2361,Old Toronto,2016,546600.0,12.84
2362,Old Toronto,2016,545900.0,13.09
2363,Old Toronto,2016,549600.0,14.39
2364,Old Toronto,2017,564900.0,18.87
2365,Old Toronto,2017,579100.0,20.15
2366,Old Toronto,2017,617900.0,26.05
2367,Old Toronto,2017,643200.0,29.0
2368,Old Toronto,2017,643200.0,25.8
2369,Old Toronto,2017,650500.0,27.85
2370,Old Toronto,2017,631200.0,22.5
2371,Old Toronto,2017,630000.0,22.02
2372,Old Toronto,2017,633700.0,20.26
2373,Old Toronto,2017,647300.0,18.45
2374,Old Toronto,2017,654000.0,19.84
2375,Old Toronto,2017,659000.0,19.93
2376,Old Toronto,2018,657000.0,16.21
2377,Old Toronto,2018,685700.0,18.44
2378,Old Toronto,2018,687000.0,11.14
2379,Old Toronto,2018,702600.0,9.24
2380,Old Toronto,2018,708500.0,10.08
2381,Old Toronto,2018,703600.0,8.15
2382,Old Toronto,2018,704100.0,11.54
2383,Old Toronto,2018,710600.0,13.09
2384,Old Toronto,2018,715600.0,13.21
2385,Old Toronto,2018,720800.0,11.63
2386,Old Toronto,2018,709400.0,8.75
2387,Old Toronto,2018,729600.0,11.02
2388,Old Toronto,2019,719500.0,9.76
2389,Old Toronto,2019,747700.0,9.28
2390,Old Toronto,2019,748400.0,9.23
2391,Old Toronto,2019,752400.0,7.37
2392,Old Toronto,2019,761300.0,7.73
2393,Old Toronto,2019,764000.0,8.87
2394,Old Toronto,2019,768700.0,9.47
2395,Old Toronto,2019,769200.0,8.24
2396,Old Toronto,2019,769400.0,7.53
2397,Old Toronto,2019,780800.0,8.33
2398,Old Toronto,2019,790900.0,11.49
2399,Old Toronto,2019,794400.0,8.87
2400,Old Toronto,2020,800800.0,11.3
2401,Old Toronto,2020,824300.0,10.24
2402,Old Toronto,2020,845800.0,13.01
2403,Old Toronto,2020,841300.0,11.82
2404,Old Toronto,2020,837300.0,10.0
2405,Old Toronto,2020,808600.0,5.89
2406,Old Toronto,2020,813300.0,5.85
2407,Old Toronto,2020,813600.0,5.78
2408,Old Toronto,2020,805200.0,4.72
2409,Old Toronto,2020,786400.0,0.76
2410,Old Toronto,2020,775800.0,-1.91
2411,Old Toronto,2020,763700.0,-3.89
2412,Old Toronto,2021,765100.0,-4.47
2413,Old Toronto,2021,784200.0,-4.88
2414,Old Toronto,2021,814300.0,-3.77
2415,Old Toronto,2015,928300.0,3.38
2416,Old Toronto,2015,906900.0,2.25
2417,Old Toronto,2015,922100.0,3.74
2418,Old Toronto,2015,924500.0,3.34
2419,Old Toronto,2015,946800.0,6.86
2420,Old Toronto,2015,937700.0,6.64
2421,Old Toronto,2016,947200.0,5.78
2422,Old Toronto,2016,938200.0,5.61
2423,Old Toronto,2016,953900.0,4.85
2424,Old Toronto,2016,967600.0,3.56
2425,Old Toronto,2016,1002300.0,6.29
2426,Old Toronto,2016,1019400.0,9.15
2427,Old Toronto,2016,1038400.0,11.87
2428,Old Toronto,2016,1054100.0,16.29
2429,Old Toronto,2016,1054100.0,14.26
2430,Old Toronto,2016,1056900.0,14.33
2431,Old Toronto,2016,1056000.0,11.53
2432,Old Toronto,2016,1068800.0,14.03
2433,Old Toronto,2017,1100700.0,14.39
2434,Old Toronto,2017,1138500.0,19.15
2435,Old Toronto,2017,1149100.0,18.47
2436,Old Toronto,2017,1190300.0,21.46
2437,Old Toronto,2017,1215200.0,19.5
2438,Old Toronto,2017,1222100.0,17.53
2439,Old Toronto,2017,1218300.0,15.98
2440,Old Toronto,2017,1166100.0,8.45
2441,Old Toronto,2017,1175700.0,9.1
2442,Old Toronto,2017,1166100.0,7.59
2443,Old Toronto,2017,1187200.0,9.58
2444,Old Toronto,2017,1168500.0,7.1
2445,Old Toronto,2018,1178600.0,6.53
2446,Old Toronto,2018,1179000.0,3.48
2447,Old Toronto,2018,1196300.0,3.73
2448,Old Toronto,2018,1255600.0,5.25
2449,Old Toronto,2018,1239800.0,1.69
2450,Old Toronto,2018,1253700.0,2.58
2451,Old Toronto,2018,1241700.0,1.92
2452,Old Toronto,2018,1244500.0,6.52
2453,Old Toronto,2018,1236900.0,4.92
2454,Old Toronto,2018,1270400.0,8.74
2455,Old Toronto,2018,1258900.0,5.84
2456,Old Toronto,2018,1274300.0,8.8
2457,Old Toronto,2019,1236900.0,4.75
2458,Old Toronto,2019,1262800.0,6.9
2459,Old Toronto,2019,1295800.0,8.12
2460,Old Toronto,2019,1301600.0,3.47
2461,Old Toronto,2019,1326000.0,6.75
2462,Old Toronto,2019,1336100.0,6.37
2463,Old Toronto,2019,1322700.0,6.32
2464,Old Toronto,2019,1322200.0,6.24
2465,Old Toronto,2019,1307800.0,5.73
2466,Old Toronto,2019,1329800.0,4.68
2467,Old Toronto,2019,1359600.0,7.99
2468,Old Toronto,2019,1361000.0,6.81
2469,Old Toronto,2020,1354800.0,9.53
2470,Old Toronto,2020,1370600.0,8.54
2471,Old Toronto,2020,1373000.0,5.95
2472,Old Toronto,2020,1367200.0,5.08
2473,Old Toronto,2020,1363200.0,2.05
2474,Old Toronto,2020,1343000.0,-0.21
2475,Old Toronto,2020,1423800.0,7.02
2476,Old Toronto,2020,1418100.0,6.43
2477,Old Toronto,2020,1410400.0,7.21
2478,Old Toronto,2020,1399300.0,4.64
2479,Old Toronto,2020,1423300.0,4.01
2480,Old Toronto,2020,1413700.0,3.34
2481,Old Toronto,2021,1409400.0,3.32
2482,Old Toronto,2021,1428200.0,3.45
2483,Old Toronto,2021,1471500.0,6.4
2484,York,2015,1068000.0,8.02
2485,York,2015,1056100.0,9.27
2486,York,2015,1058200.0,8.04
2487,York,2015,1077200.0,9.81
2488,York,2015,1089600.0,9.24
2489,York,2015,1081300.0,9.2
2490,York,2016,1072600.0,8.04
2491,York,2016,1090600.0,8.28
2492,York,2016,1103000.0,6.88
2493,York,2016,1134400.0,8.95
2494,York,2016,1189000.0,12.85
2495,York,2016,1209500.0,13.8
2496,York,2016,1232100.0,15.37
2497,York,2016,1233700.0,16.76
2498,York,2016,1240400.0,17.16
2499,York,2016,1246100.0,15.73
2500,York,2016,1254800.0,15.16
2501,York,2016,1271800.0,17.61
2502,York,2017,1318100.0,18.84
2503,York,2017,1336900.0,20.31
2504,York,2017,1429400.0,26.96
2505,York,2017,1519300.0,31.05
2506,York,2017,1555800.0,27.92
2507,York,2017,1554400.0,25.6
2508,York,2017,1513600.0,20.12
2509,York,2017,1441000.0,14.07
2510,York,2017,1412700.0,11.1
2511,York,2017,1436800.0,12.39
2512,York,2017,1459300.0,13.32
2513,York,2017,1460300.0,11.81
2514,York,2018,1456700.0,10.42
2515,York,2018,1493300.0,11.61
2516,York,2018,1520400.0,6.29
2517,York,2018,1535100.0,0.96
2518,York,2018,1541400.0,-1.01
2519,York,2018,1531900.0,-1.45
2520,York,2018,1522500.0,0.59
2521,York,2018,1514700.0,5.19
2522,York,2018,1518900.0,6.72
2523,York,2018,1563800.0,8.87
2524,York,2018,1565300.0,7.3
2525,York,2018,1530300.0,4.91
2526,York,2019,1500600.0,3.01
2527,York,2019,1525600.0,2.2
2528,York,2019,1558000.0,2.51
2529,York,2019,1574700.0,2.59
2530,York,2019,1572600.0,2.1
2531,York,2019,1598200.0,4.44
2532,York,2019,1606600.0,5.56
2533,York,2019,1587800.0,4.83
2534,York,2019,1574700.0,3.68
2535,York,2019,1588800.0,1.6
2536,York,2019,1595100.0,1.9
2537,York,2019,1600300.0,4.57
2538,York,2020,1623800.0,8.21
2539,York,2020,1647900.0,8.01
2540,York,2020,1655700.0,6.27
2541,York,2020,1688600.0,7.23
2542,York,2020,1679600.0,6.81
2543,York,2020,1688000.0,5.62
2544,York,2020,1749100.0,8.88
2545,York,2020,1736600.0,9.34
2546,York,2020,1712500.0,8.76
2547,York,2020,1723500.0,8.48
2548,York,2020,1755900.0,10.09
2549,York,2020,1748600.0,9.13
2550,York,2021,1791400.0,10.32
2551,York,2021,1861900.0,12.96
2552,York,2021,1913100.0,15.52
2553,Old Toronto,2015,1142500.0,7.84
2554,Old Toronto,2015,1136300.0,9.56
2555,Old Toronto,2015,1141200.0,10.23
2556,Old Toronto,2015,1164200.0,12.99
2557,Old Toronto,2015,1188300.0,14.3
2558,Old Toronto,2015,1179000.0,13.34
2559,Old Toronto,2016,1202000.0,15.41
2560,Old Toronto,2016,1202600.0,13.44
2561,Old Toronto,2016,1192700.0,9.0
2562,Old Toronto,2016,1233000.0,10.49
2563,Old Toronto,2016,1280100.0,13.21
2564,Old Toronto,2016,1282600.0,12.26
2565,Old Toronto,2016,1298600.0,13.67
2566,Old Toronto,2016,1313600.0,15.59
2567,Old Toronto,2016,1334600.0,16.94
2568,Old Toronto,2016,1376100.0,18.2
2569,Old Toronto,2016,1397800.0,17.68
2570,Old Toronto,2016,1406500.0,19.29
2571,Old Toronto,2017,1403500.0,18.14
2572,Old Toronto,2017,1437400.0,20.06
2573,Old Toronto,2017,1515600.0,27.84
2574,Old Toronto,2017,1570400.0,28.08
2575,Old Toronto,2017,1574700.0,23.77
2576,Old Toronto,2017,1565700.0,22.32
2577,Old Toronto,2017,1523700.0,17.68
2578,Old Toronto,2017,1485400.0,13.43
2579,Old Toronto,2017,1485400.0,12.11
2580,Old Toronto,2017,1516300.0,10.58
2581,Old Toronto,2017,1495300.0,7.4
2582,Old Toronto,2017,1518200.0,8.18
2583,Old Toronto,2018,1517500.0,7.9
2584,Old Toronto,2018,1524300.0,5.83
2585,Old Toronto,2018,1513200.0,-0.41
2586,Old Toronto,2018,1495300.0,-5.02
2587,Old Toronto,2018,1516300.0,-3.95
2588,Old Toronto,2018,1521200.0,-2.84
2589,Old Toronto,2018,1524300.0,0.04
2590,Old Toronto,2018,1497800.0,0.83
2591,Old Toronto,2018,1515700.0,2.04
2592,Old Toronto,2018,1545900.0,1.95
2593,Old Toronto,2018,1554600.0,3.96
2594,Old Toronto,2018,1512000.0,-0.41
2595,Old Toronto,2019,1505200.0,-0.81
2596,Old Toronto,2019,1542800.0,1.21
2597,Old Toronto,2019,1529900.0,1.1
2598,Old Toronto,2019,1528600.0,2.23
2599,Old Toronto,2019,1537300.0,1.38
2600,Old Toronto,2019,1524900.0,0.24
2601,Old Toronto,2019,1516900.0,-0.45
2602,Old Toronto,2019,1510100.0,0.82
2603,Old Toronto,2019,1520600.0,0.33
2604,Old Toronto,2019,1526200.0,-1.28
2605,Old Toronto,2019,1540400.0,-0.91
2606,Old Toronto,2019,1537300.0,1.67
2607,Old Toronto,2020,1529300.0,1.6
2608,Old Toronto,2020,1570600.0,1.8
2609,Old Toronto,2020,1592800.0,4.11
2610,Old Toronto,2020,1603900.0,4.93
2611,Old Toronto,2020,1612800.0,6.23
2612,Old Toronto,2020,1588500.0,5.06
2613,Old Toronto,2020,1589800.0,6.11
2614,Old Toronto,2020,1623400.0,8.8
2615,Old Toronto,2020,1629600.0,8.36
2616,Old Toronto,2020,1627700.0,8.24
2617,Old Toronto,2020,1608400.0,6.12
2618,Old Toronto,2020,1617800.0,6.12
2619,Old Toronto,2021,1652600.0,8.86
2620,Old Toronto,2021,1719900.0,10.74
2621,Old Toronto,2021,1718000.0,8.24
2622,North York,2015,772300.0,8.4
2623,North York,2015,779100.0,7.6
2624,North York,2015,786300.0,8.96
2625,North York,2015,790300.0,10.06
2626,North York,2015,794300.0,10.37
2627,North York,2015,809800.0,13.53
2628,North York,2016,815000.0,13.25
2629,North York,2016,801800.0,10.56
2630,North York,2016,822100.0,12.19
2631,North York,2016,848500.0,13.87
2632,North York,2016,907100.0,18.13
2633,North York,2016,927400.0,19.41
2634,North York,2016,942300.0,22.0
2635,North York,2016,944200.0,21.2
2636,North York,2016,949800.0,20.86
2637,North York,2016,953000.0,20.6
2638,North York,2016,979300.0,23.37
2639,North York,2016,980900.0,21.19
2640,North York,2017,987100.0,23.45
2641,North York,2017,1008300.0,27.36
2642,North York,2017,1054000.0,29.65
2643,North York,2017,1119000.0,33.07
2644,North York,2017,1157200.0,28.35
2645,North York,2017,1145300.0,26.66
2646,North York,2017,1081000.0,17.98
2647,North York,2017,1060400.0,15.43
2648,North York,2017,1044000.0,12.84
2649,North York,2017,1017600.0,9.1
2650,North York,2017,1015600.0,6.36
2651,North York,2017,1031200.0,7.42
2652,North York,2018,1044000.0,7.45
2653,North York,2018,1055300.0,6.32
2654,North York,2018,1056900.0,1.76
2655,North York,2018,1028500.0,-6.65
2656,North York,2018,1078700.0,-5.33
2657,North York,2018,1084100.0,-5.34
2658,North York,2018,1070100.0,-1.01
2659,North York,2018,1053000.0,-0.7
2660,North York,2018,1044000.0,0.0
2661,North York,2018,1041300.0,2.33
2662,North York,2018,1053800.0,3.76
2663,North York,2018,1046400.0,1.47
2664,North York,2019,1048700.0,0.45
2665,North York,2019,1048700.0,-0.63
2666,North York,2019,1087700.0,2.91
2667,North York,2019,1093900.0,6.36
2668,North York,2019,1110200.0,2.92
2669,North York,2019,1097400.0,1.22
2670,North York,2019,1105200.0,3.24
2671,North York,2019,1097000.0,4.18
2672,North York,2019,1093900.0,4.77
2673,North York,2019,1126200.0,8.15
2674,North York,2019,1129300.0,7.17
2675,North York,2019,1137900.0,8.75
2676,North York,2020,1125000.0,7.28
2677,North York,2020,1158500.0,10.47
2678,North York,2020,1185800.0,9.02
2679,North York,2020,1188100.0,8.65
2680,North York,2020,1199800.0,8.07
2681,North York,2020,1175700.0,7.13
2682,North York,2020,1167100.0,5.6
2683,North York,2020,1167900.0,6.46
2684,North York,2020,1160100.0,6.05
2685,North York,2020,1141400.0,1.35
2686,North York,2020,1119600.0,-0.86
2687,North York,2020,1139900.0,0.17
2688,North York,2021,1134000.0,0.8
2689,North York,2021,1178800.0,1.85
2690,North York,2021,1243500.0,4.89
2691,North York,2015,620300.0,7.5
2692,North York,2015,619900.0,7.95
2693,North York,2015,633300.0,10.02
2694,North York,2015,644700.0,12.8
2695,North York,2015,639800.0,9.65
2696,North York,2015,655000.0,11.46
2697,North York,2016,693900.0,18.54
2698,North York,2016,664000.0,13.57
2699,North York,2016,668100.0,11.91
2700,North York,2016,689400.0,13.07
2701,North York,2016,729300.0,18.4
2702,North York,2016,749900.0,19.49
2703,North York,2016,754900.0,21.77
2704,North York,2016,755700.0,22.02
2705,North York,2016,774600.0,22.35
2706,North York,2016,779400.0,20.95
2707,North York,2016,790700.0,23.56
2708,North York,2016,800400.0,22.25
2709,North York,2017,805900.0,21.19
2710,North York,2017,819000.0,23.24
2711,North York,2017,861700.0,28.59
2712,North York,2017,912400.0,32.18
2713,North York,2017,935600.0,27.95
2714,North York,2017,942400.0,25.65
2715,North York,2017,922000.0,22.3
2716,North York,2017,902300.0,19.8
2717,North York,2017,893600.0,16.3
2718,North York,2017,871800.0,12.25
2719,North York,2017,858300.0,9.15
2720,North York,2017,853800.0,7.3
2721,North York,2018,856600.0,6.72
2722,North York,2018,873200.0,6.81
2723,North York,2018,885300.0,2.57
2724,North York,2018,886700.0,-2.84
2725,North York,2018,903300.0,-3.48
2726,North York,2018,900900.0,-4.41
2727,North York,2018,888100.0,-3.68
2728,North York,2018,890200.0,-1.34
2729,North York,2018,882500.0,-1.24
2730,North York,2018,871100.0,-0.08
2731,North York,2018,875300.0,1.98
2732,North York,2018,857300.0,0.41
2733,North York,2019,872200.0,1.82
2734,North York,2019,883600.0,1.19
2735,North York,2019,885000.0,-0.04
2736,North York,2019,894000.0,0.82
2737,North York,2019,911600.0,0.92
2738,North York,2019,898500.0,-0.27
2739,North York,2019,910600.0,2.53
2740,North York,2019,904000.0,1.55
2741,North York,2019,904700.0,2.51
2742,North York,2019,913700.0,4.88
2743,North York,2019,920600.0,5.18
2744,North York,2019,921600.0,7.51
2745,North York,2020,923000.0,5.83
2746,North York,2020,946900.0,7.17
2747,North York,2020,975600.0,10.24
2748,North York,2020,989400.0,10.68
2749,North York,2020,995300.0,9.18
2750,North York,2020,966600.0,7.59
2751,North York,2020,974200.0,6.99
2752,North York,2020,969700.0,7.31
2753,North York,2020,968300.0,7.04
2754,North York,2020,961800.0,5.26
2755,North York,2020,956900.0,3.95
2756,North York,2020,958300.0,3.98
2757,North York,2021,967300.0,4.84
2758,North York,2021,993900.0,4.93
2759,North York,2021,1028200.0,5.39
2760,Old Toronto,2015,459600.0,0.85
2761,Old Toronto,2015,458800.0,1.83
2762,Old Toronto,2015,455700.0,3.45
2763,Old Toronto,2015,455700.0,0.34
2764,Old Toronto,2015,459900.0,0.17
2765,Old Toronto,2015,461900.0,0.22
2766,Old Toronto,2016,459100.0,0.79
2767,Old Toronto,2016,462000.0,2.75
2768,Old Toronto,2016,476400.0,4.82
2769,Old Toronto,2016,477700.0,5.4
2770,Old Toronto,2016,479200.0,5.08
2771,Old Toronto,2016,487400.0,6.71
2772,Old Toronto,2016,495100.0,7.73
2773,Old Toronto,2016,500800.0,9.15
2774,Old Toronto,2016,500300.0,9.77
2775,Old Toronto,2016,509100.0,11.69
2776,Old Toronto,2016,526800.0,14.56
2777,Old Toronto,2016,533000.0,15.38
2778,Old Toronto,2017,564200.0,19.28
2779,Old Toronto,2017,579900.0,19.43
2780,Old Toronto,2017,610900.0,21.66
2781,Old Toronto,2017,643800.0,27.67
2782,Old Toronto,2017,654000.0,30.59
2783,Old Toronto,2017,649200.0,27.61
2784,Old Toronto,2017,629100.0,22.02
2785,Old Toronto,2017,619700.0,17.98
2786,Old Toronto,2017,621800.0,18.55
2787,Old Toronto,2017,624700.0,16.83
2788,Old Toronto,2017,623600.0,14.56
2789,Old Toronto,2017,639000.0,15.62
2790,Old Toronto,2018,646900.0,14.92
2791,Old Toronto,2018,652100.0,13.37
2792,Old Toronto,2018,678800.0,11.37
2793,Old Toronto,2018,686900.0,7.14
2794,Old Toronto,2018,689800.0,5.95
2795,Old Toronto,2018,685600.0,5.6
2796,Old Toronto,2018,689300.0,9.56
2797,Old Toronto,2018,693200.0,11.86
2798,Old Toronto,2018,707400.0,13.75
2799,Old Toronto,2018,719400.0,15.2
2800,Old Toronto,2018,718100.0,15.18
2801,Old Toronto,2018,706600.0,10.6
2802,Old Toronto,2019,703400.0,8.77
2803,Old Toronto,2019,719600.0,10.39
2804,Old Toronto,2019,730400.0,7.67
2805,Old Toronto,2019,733800.0,6.85
2806,Old Toronto,2019,736900.0,6.86
2807,Old Toronto,2019,744000.0,8.5
2808,Old Toronto,2019,756300.0,9.75
2809,Old Toronto,2019,760400.0,9.69
2810,Old Toronto,2019,759100.0,7.32
2811,Old Toronto,2019,758600.0,5.45
2812,Old Toronto,2019,760200.0,5.86
2813,Old Toronto,2019,763300.0,8.03
2814,Old Toronto,2020,765700.0,8.85
2815,Old Toronto,2020,788900.0,9.63
2816,Old Toronto,2020,815100.0,11.6
2817,Old Toronto,2020,826100.0,12.58
2818,Old Toronto,2020,799200.0,8.45
2819,Old Toronto,2020,785300.0,5.55
2820,Old Toronto,2020,786900.0,4.05
2821,Old Toronto,2020,777200.0,2.2
2822,Old Toronto,2020,770100.0,1.45
2823,Old Toronto,2020,756000.0,-0.34
2824,Old Toronto,2020,735600.0,-3.23
2825,Old Toronto,2020,727800.0,-4.66
2826,Old Toronto,2021,733000.0,-4.27
2827,Old Toronto,2021,745800.0,-5.44
2828,Old Toronto,2021,775600.0,-4.84
2829,Old Toronto,2015,1001000.0,-2.11
2830,Old Toronto,2015,999600.0,1.36
2831,Old Toronto,2015,1024100.0,1.62
2832,Old Toronto,2015,1043400.0,3.31
2833,Old Toronto,2015,1058200.0,5.95
2834,Old Toronto,2015,1045600.0,7.15
2835,Old Toronto,2016,1027800.0,8.13
2836,Old Toronto,2016,1063400.0,11.88
2837,Old Toronto,2016,1072300.0,11.85
2838,Old Toronto,2016,1053000.0,8.16
2839,Old Toronto,2016,1041100.0,8.68
2840,Old Toronto,2016,1064100.0,9.81
2841,Old Toronto,2016,1069400.0,6.82
2842,Old Toronto,2016,1042600.0,4.31
2843,Old Toronto,2016,1013600.0,-1.02
2844,Old Toronto,2016,1033000.0,-1.0
2845,Old Toronto,2016,1061200.0,0.28
2846,Old Toronto,2016,1088700.0,4.12
2847,Old Toronto,2017,1038400.0,6.52
2848,Old Toronto,2017,1068000.0,5.51
2849,Old Toronto,2017,1141500.0,11.83
2850,Old Toronto,2017,1170500.0,16.85
2851,Old Toronto,2017,1176100.0,18.84
2852,Old Toronto,2017,1216100.0,18.08
2853,Old Toronto,2017,1199100.0,16.83
2854,Old Toronto,2017,1180700.0,17.63
2855,Old Toronto,2017,1135400.0,15.48
2856,Old Toronto,2017,1146000.0,14.34
2857,Old Toronto,2017,1148800.0,11.78
2858,Old Toronto,2017,1155200.0,9.46
2859,Old Toronto,2018,1171500.0,11.07
2860,Old Toronto,2018,1226000.0,13.13
2861,Old Toronto,2018,1252900.0,7.66
2862,Old Toronto,2018,1263500.0,6.06
2863,Old Toronto,2018,1284000.0,6.71
2864,Old Toronto,2018,1312300.0,7.92
2865,Old Toronto,2018,1341400.0,11.87
2866,Old Toronto,2018,1347700.0,14.15
2867,Old Toronto,2018,1349100.0,18.83
2868,Old Toronto,2018,1344200.0,17.29
2869,Old Toronto,2018,1349100.0,17.44
2870,Old Toronto,2018,1309500.0,13.36
2871,Old Toronto,2019,1288300.0,9.97
2872,Old Toronto,2019,1274100.0,3.93
2873,Old Toronto,2019,1292500.0,3.16
2874,Old Toronto,2019,1369700.0,8.4
2875,Old Toronto,2019,1372500.0,6.89
2876,Old Toronto,2019,1393000.0,6.15
2877,Old Toronto,2019,1371800.0,2.27
2878,Old Toronto,2019,1368300.0,1.52
2879,Old Toronto,2019,1391600.0,3.15
2880,Old Toronto,2019,1402900.0,4.37
2881,Old Toronto,2019,1414300.0,4.83
2882,Old Toronto,2019,1429800.0,9.19
2883,Old Toronto,2020,1402900.0,8.9
2884,Old Toronto,2020,1382400.0,8.5
2885,Old Toronto,2020,1397300.0,8.11
2886,Old Toronto,2020,1420600.0,3.83
2887,Old Toronto,2020,1387400.0,1.4
2888,Old Toronto,2020,1384600.0,-0.31
2889,Old Toronto,2020,1445100.0,5.45
2890,Old Toronto,2020,1516900.0,10.81
2891,Old Toronto,2020,1486300.0,7.18
2892,Old Toronto,2020,1516200.0,8.34
2893,Old Toronto,2020,1500600.0,6.41
2894,Old Toronto,2020,1423000.0,-0.4
2895,Old Toronto,2021,1381700.0,-1.62
2896,Old Toronto,2021,1433700.0,3.97
2897,Old Toronto,2021,1521200.0,8.97
2898,Old Toronto,2015,792300.0,5.4
2899,Old Toronto,2015,790300.0,6.58
2900,Old Toronto,2015,793400.0,7.39
2901,Old Toronto,2015,803200.0,8.54
2902,Old Toronto,2015,812500.0,9.23
2903,Old Toronto,2015,804700.0,9.04
2904,Old Toronto,2016,848100.0,15.09
2905,Old Toronto,2016,800500.0,10.5
2906,Old Toronto,2016,811000.0,8.73
2907,Old Toronto,2016,810200.0,6.4
2908,Old Toronto,2016,856300.0,9.8
2909,Old Toronto,2016,870700.0,8.45
2910,Old Toronto,2016,870700.0,9.9
2911,Old Toronto,2016,880500.0,11.46
2912,Old Toronto,2016,865200.0,9.05
2913,Old Toronto,2016,883600.0,10.0
2914,Old Toronto,2016,889400.0,9.4
2915,Old Toronto,2016,892200.0,10.86
2916,Old Toronto,2017,886600.0,12.94
2917,Old Toronto,2017,907600.0,14.54
2918,Old Toronto,2017,939000.0,16.84
2919,Old Toronto,2017,977800.0,21.96
2920,Old Toronto,2017,1003800.0,18.66
2921,Old Toronto,2017,1018200.0,17.9
2922,Old Toronto,2017,992000.0,15.4
2923,Old Toronto,2017,971000.0,11.28
2924,Old Toronto,2017,986200.0,15.08
2925,Old Toronto,2017,996700.0,13.77
2926,Old Toronto,2017,993600.0,12.46
2927,Old Toronto,2017,991300.0,12.1
2928,Old Toronto,2018,976800.0,9.74
2929,Old Toronto,2018,997100.0,9.15
2930,Old Toronto,2018,1015800.0,7.48
2931,Old Toronto,2018,1040800.0,5.79
2932,Old Toronto,2018,1049800.0,3.7
2933,Old Toronto,2018,1043600.0,2.49
2934,Old Toronto,2018,1032200.0,4.05
2935,Old Toronto,2018,1042800.0,7.4
2936,Old Toronto,2018,1054100.0,6.89
2937,Old Toronto,2018,1061900.0,6.54
2938,Old Toronto,2018,1076000.0,8.29
2939,Old Toronto,2018,1078300.0,8.78
2940,Old Toronto,2019,1073200.0,9.87
2941,Old Toronto,2019,1081800.0,8.5
2942,Old Toronto,2019,1104100.0,8.69
2943,Old Toronto,2019,1090800.0,4.8
2944,Old Toronto,2019,1111500.0,5.88
2945,Old Toronto,2019,1117000.0,7.03
2946,Old Toronto,2019,1124000.0,8.89
2947,Old Toronto,2019,1104100.0,5.88
2948,Old Toronto,2019,1112700.0,5.56
2949,Old Toronto,2019,1127900.0,6.21
2950,Old Toronto,2019,1138000.0,5.77
2951,Old Toronto,2019,1133800.0,5.14
2952,Old Toronto,2020,1121700.0,4.51
2953,Old Toronto,2020,1151300.0,6.42
2954,Old Toronto,2020,1199700.0,8.66
2955,Old Toronto,2020,1209900.0,10.92
2956,Old Toronto,2020,1179900.0,5.22
2957,Old Toronto,2020,1183400.0,5.09
2958,Old Toronto,2020,1179900.0,4.15
2959,Old Toronto,2020,1177100.0,5.64
2960,Old Toronto,2020,1168400.0,4.19
2961,Old Toronto,2020,1156900.0,1.77
2962,Old Toronto,2020,1168800.0,1.86
2963,Old Toronto,2020,1162100.0,1.62
2964,Old Toronto,2021,1159300.0,2.34
2965,Old Toronto,2021,1187800.0,2.18
2966,Old Toronto,2021,1209900.0,-0.23
2967,East York,2015,653600.0,9.03
2968,East York,2015,653900.0,8.7
2969,East York,2015,667900.0,8.44
2970,East York,2015,655400.0,4.63
2971,East York,2015,665400.0,8.15
2972,East York,2015,671800.0,8.44
2973,East York,2016,685800.0,11.8
2974,East York,2016,677500.0,6.96
2975,East York,2016,691200.0,13.2
2976,East York,2016,681800.0,9.24
2977,East York,2016,698300.0,11.24
2978,East York,2016,720200.0,12.23
2979,East York,2016,722700.0,10.58
2980,East York,2016,725600.0,10.96
2981,East York,2016,723000.0,8.26
2982,East York,2016,740200.0,12.96
2983,East York,2016,763500.0,14.75
2984,East York,2016,749600.0,11.57
2985,East York,2017,745900.0,13.35
2986,East York,2017,770000.0,14.97
2987,East York,2017,818500.0,19.87
2988,East York,2017,853600.0,26.71
2989,East York,2017,864900.0,25.49
2990,East York,2017,869800.0,22.41
2991,East York,2017,853200.0,19.77
2992,East York,2017,847800.0,18.5
2993,East York,2017,858500.0,20.64
2994,East York,2017,850700.0,16.76
2995,East York,2017,845400.0,12.53
2996,East York,2017,852400.0,15.37
2997,East York,2018,858500.0,15.09
2998,East York,2018,876200.0,13.79
2999,East York,2018,896700.0,9.6
3000,East York,2018,920000.0,7.88
3001,East York,2018,926100.0,7.21
3002,East York,2018,938100.0,7.85
3003,East York,2018,941300.0,10.33
3004,East York,2018,940900.0,10.98
3005,East York,2018,953700.0,11.09
3006,East York,2018,967800.0,13.77
3007,East York,2018,953300.0,12.77
3008,East York,2018,943400.0,10.67
3009,East York,2019,929200.0,8.24
3010,East York,2019,931000.0,6.26
3011,East York,2019,944100.0,5.29
3012,East York,2019,978100.0,6.31
3013,East York,2019,963600.0,4.05
3014,East York,2019,967100.0,3.09
3015,East York,2019,965000.0,1.94
3016,East York,2019,963900.0,2.44
3017,East York,2019,985100.0,3.3
3018,East York,2019,984100.0,1.68
3019,East York,2019,996500.0,4.53
3020,East York,2019,1007100.0,6.75
3021,East York,2020,1004300.0,8.07
3022,East York,2020,1008900.0,8.36
3023,East York,2020,1029400.0,9.03
3024,East York,2020,1035700.0,5.9
3025,East York,2020,1049900.0,8.89
3026,East York,2020,1081400.0,11.75
3027,East York,2020,1063000.0,10.08
3028,East York,2020,1076400.0,11.6
3029,East York,2020,1074300.0,8.98
3030,East York,2020,1086000.0,10.32
3031,East York,2020,1077100.0,8.03
3032,East York,2020,1053000.0,4.57
3033,East York,2021,1049900.0,4.4
3034,East York,2021,1064400.0,5.47
3035,East York,2021,1116400.0,8.46
3036,North York,2015,1448300.0,4.45
3037,North York,2015,1449200.0,6.02
3038,North York,2015,1447500.0,6.9
3039,North York,2015,1482600.0,9.29
3040,North York,2015,1499800.0,9.1
3041,North York,2015,1504000.0,7.54
3042,North York,2016,1577700.0,13.43
3043,North York,2016,1521200.0,7.84
3044,North York,2016,1559700.0,10.84
3045,North York,2016,1597400.0,12.7
3046,North York,2016,1682300.0,16.64
3047,North York,2016,1694300.0,16.23
3048,North York,2016,1707200.0,17.8
3049,North York,2016,1690900.0,16.54
3050,North York,2016,1700300.0,17.54
3051,North York,2016,1720900.0,16.07
3052,North York,2016,1772300.0,18.17
3053,North York,2016,1814300.0,20.63
3054,North York,2017,1829300.0,24.18
3055,North York,2017,1888700.0,25.18
3056,North York,2017,1992100.0,28.71
3057,North York,2017,2108300.0,32.87
3058,North York,2017,2110000.0,25.85
3059,North York,2017,2006700.0,20.86
3060,North York,2017,1947800.0,16.96
3061,North York,2017,1863300.0,13.57
3062,North York,2017,1842000.0,11.98
3063,North York,2017,1837700.0,10.12
3064,North York,2017,1807900.0,5.53
3065,North York,2017,1844600.0,5.98
3066,North York,2018,1850500.0,5.19
3067,North York,2018,1869300.0,3.4
3068,North York,2018,1869300.0,-2.41
3069,North York,2018,1859900.0,-7.98
3070,North York,2018,1863300.0,-7.73
3071,North York,2018,1873600.0,-6.63
3072,North York,2018,1863300.0,-4.34
3073,North York,2018,1834300.0,-1.56
3074,North York,2018,1879500.0,2.04
3075,North York,2018,1897500.0,3.25
3076,North York,2018,1879500.0,3.96
3077,North York,2018,1856500.0,0.65
3078,North York,2019,1840300.0,-0.55
3079,North York,2019,1888100.0,1.0
3080,North York,2019,1884700.0,0.82
3081,North York,2019,1895800.0,1.93
3082,North York,2019,1885500.0,1.19
3083,North York,2019,1897500.0,1.28
3084,North York,2019,1883800.0,1.24
3085,North York,2019,1871900.0,2.05
3086,North York,2019,1844600.0,-1.86
3087,North York,2019,1871900.0,-1.35
3088,North York,2019,1878700.0,-0.05
3089,North York,2019,1899200.0,2.3
3090,North York,2020,1900000.0,3.25
3091,North York,2020,1927300.0,2.08
3092,North York,2020,1952900.0,3.62
3093,North York,2020,1987000.0,4.67
3094,North York,2020,1984500.0,5.25
3095,North York,2020,1992200.0,4.99
3096,North York,2020,2015300.0,6.97
3097,North York,2020,2036600.0,8.85
3098,North York,2020,2048500.0,11.05
3099,North York,2020,2053600.0,9.71
3100,North York,2020,2045100.0,8.86
3101,North York,2020,2016100.0,6.11
3102,North York,2021,2063000.0,8.53
3103,North York,2021,2120200.0,10.15
3104,North York,2021,2162900.0,10.89
3105,North York,2015,656700.0,9.0
3106,North York,2015,651500.0,9.62
3107,North York,2015,663700.0,11.74
3108,North York,2015,671800.0,12.27
3109,North York,2015,668500.0,10.89
3110,North York,2015,667400.0,7.36
3111,North York,2016,636400.0,4.29
3112,North York,2016,681700.0,10.53
3113,North York,2016,713100.0,15.96
3114,North York,2016,730400.0,16.2
3115,North York,2016,777600.0,20.94
3116,North York,2016,785800.0,20.61
3117,North York,2016,778800.0,18.6
3118,North York,2016,754400.0,15.86
3119,North York,2016,755500.0,13.84
3120,North York,2016,786100.0,17.02
3121,North York,2016,808600.0,20.97
3122,North York,2016,834500.0,25.11
3123,North York,2017,827000.0,28.69
3124,North York,2017,852700.0,27.66
3125,North York,2017,886700.0,27.23
3126,North York,2017,941400.0,32.0
3127,North York,2017,957700.0,26.08
3128,North York,2017,945800.0,23.67
3129,North York,2017,919400.0,21.72
3130,North York,2017,888200.0,21.56
3131,North York,2017,861100.0,17.78
3132,North York,2017,849800.0,11.39
3133,North York,2017,846900.0,7.99
3134,North York,2017,861400.0,6.25
3135,North York,2018,866100.0,5.28
3136,North York,2018,877700.0,3.32
3137,North York,2018,867200.0,-1.88
3138,North York,2018,874100.0,-6.83
3139,North York,2018,875500.0,-8.2
3140,North York,2018,891100.0,-5.78
3141,North York,2018,881700.0,-4.1
3142,North York,2018,870800.0,-1.96
3143,North York,2018,887500.0,3.07
3144,North York,2018,906300.0,6.65
3145,North York,2018,883100.0,4.28
3146,North York,2018,887100.0,2.98
3147,North York,2019,872600.0,0.75
3148,North York,2019,887500.0,1.11
3149,North York,2019,902000.0,4.01
3150,North York,2019,909200.0,4.02
3151,North York,2019,912800.0,4.26
3152,North York,2019,915000.0,2.68
3153,North York,2019,920400.0,4.39
3154,North York,2019,929500.0,6.74
3155,North York,2019,932800.0,5.1
3156,North York,2019,925500.0,2.12
3157,North York,2019,928800.0,5.17
3158,North York,2019,936400.0,5.55
3159,North York,2020,934900.0,7.14
3160,North York,2020,945400.0,6.53
3161,North York,2020,962400.0,6.7
3162,North York,2020,986300.0,8.53
3163,North York,2020,1029300.0,9.47
3164,North York,2020,1027200.0,9.45
3165,North York,2020,1000600.0,6.09
3166,North York,2020,1010800.0,6.51
3167,North York,2020,1030100.0,8.21
3168,North York,2020,1025300.0,8.0
3169,North York,2020,1022100.0,7.33
3170,North York,2020,1004600.0,4.73
3171,North York,2021,1021700.0,6.52
3172,North York,2021,1052600.0,8.22
3173,North York,2021,1094400.0,8.89
3174,North York,2015,626300.0,4.36
3175,North York,2015,641900.0,4.89
3176,North York,2015,641600.0,6.19
3177,North York,2015,642600.0,7.75
3178,North York,2015,644000.0,6.28
3179,North York,2015,626600.0,4.0
3180,North York,2016,634700.0,6.26
3181,North York,2016,639200.0,6.88
3182,North York,2016,668000.0,7.79
3183,North York,2016,682700.0,10.45
3184,North York,2016,695600.0,12.16
3185,North York,2016,689100.0,9.39
3186,North York,2016,701700.0,12.17
3187,North York,2016,719000.0,12.08
3188,North York,2016,740800.0,15.53
3189,North York,2016,741400.0,15.45
3190,North York,2016,759500.0,18.0
3191,North York,2016,770300.0,23.01
3192,North York,2017,761100.0,23.76
3193,North York,2017,784800.0,25.83
3194,North York,2017,845000.0,29.74
3195,North York,2017,901300.0,35.4
3196,North York,2017,923200.0,36.38
3197,North York,2017,894400.0,36.34
3198,North York,2017,857200.0,28.29
3199,North York,2017,843400.0,23.04
3200,North York,2017,848700.0,20.47
3201,North York,2017,834100.0,17.83
3202,North York,2017,832200.0,14.9
3203,North York,2017,830200.0,12.84
3204,North York,2018,819400.0,9.53
3205,North York,2018,848500.0,10.05
3206,North York,2018,859000.0,3.26
3207,North York,2018,872400.0,-1.95
3208,North York,2018,871400.0,-4.17
3209,North York,2018,863200.0,-3.47
3210,North York,2018,856400.0,-0.08
3211,North York,2018,866200.0,2.71
3212,North York,2018,871400.0,2.7
3213,North York,2018,848800.0,1.76
3214,North York,2018,854700.0,2.71
3215,North York,2018,855700.0,3.07
3216,North York,2019,864200.0,5.47
3217,North York,2019,877300.0,3.39
3218,North York,2019,881500.0,2.63
3219,North York,2019,879900.0,0.86
3220,North York,2019,897200.0,2.96
3221,North York,2019,901800.0,4.47
3222,North York,2019,894600.0,4.47
3223,North York,2019,896300.0,3.47
3224,North York,2019,898500.0,3.11
3225,North York,2019,900500.0,6.09
3226,North York,2019,898200.0,5.09
3227,North York,2019,905100.0,5.77
3228,North York,2020,924000.0,6.92
3229,North York,2020,939700.0,7.12
3230,North York,2020,969800.0,10.01
3231,North York,2020,983900.0,11.82
3232,North York,2020,973200.0,8.45
3233,North York,2020,943800.0,4.64
3234,North York,2020,963400.0,7.68
3235,North York,2020,959200.0,7.0
3236,North York,2020,947700.0,5.5
3237,North York,2020,933700.0,3.67
3238,North York,2020,929100.0,3.42
3239,North York,2020,913400.0,0.9
3240,North York,2021,927100.0,0.32
3241,North York,2021,949000.0,1.04
3242,North York,2021,973200.0,0.34
3243,North York,2015,631900.0,11.5
3244,North York,2015,633200.0,10.12
3245,North York,2015,625900.0,9.15
3246,North York,2015,631200.0,7.64
3247,North York,2015,636200.0,7.94
3248,North York,2015,629500.0,6.32
3249,North York,2016,632200.0,7.38
3250,North York,2016,643200.0,8.39
3251,North York,2016,667300.0,12.32
3252,North York,2016,687000.0,11.5
3253,North York,2016,709100.0,13.91
3254,North York,2016,726100.0,15.35
3255,North York,2016,738500.0,16.88
3256,North York,2016,743800.0,17.72
3257,North York,2016,733800.0,17.32
3258,North York,2016,759900.0,20.39
3259,North York,2016,772900.0,21.56
3260,North York,2016,774200.0,23.06
3261,North York,2017,740400.0,22.25
3262,North York,2017,753100.0,22.05
3263,North York,2017,790600.0,23.62
3264,North York,2017,852600.0,29.74
3265,North York,2017,877400.0,29.4
3266,North York,2017,869100.0,26.32
3267,North York,2017,835000.0,20.01
3268,North York,2017,806800.0,14.93
3269,North York,2017,805500.0,15.76
3270,North York,2017,799700.0,11.59
3271,North York,2017,805200.0,10.61
3272,North York,2017,801300.0,9.78
3273,North York,2018,795400.0,8.26
3274,North York,2018,794100.0,6.3
3275,North York,2018,797100.0,1.49
3276,North York,2018,803200.0,-5.21
3277,North York,2018,805200.0,-7.49
3278,North York,2018,803500.0,-7.54
3279,North York,2018,798700.0,-4.35
3280,North York,2018,801900.0,-0.6
3281,North York,2018,789600.0,-1.97
3282,North York,2018,785400.0,-1.79
3283,North York,2018,791200.0,-1.73
3284,North York,2018,785400.0,-1.98
3285,North York,2019,781500.0,-1.75
3286,North York,2019,780200.0,-1.76
3287,North York,2019,788300.0,-1.1
3288,North York,2019,795400.0,-0.97
3289,North York,2019,803500.0,-0.2
3290,North York,2019,804200.0,0.08
3291,North York,2019,805200.0,0.85
3292,North York,2019,804500.0,0.32
3293,North York,2019,796400.0,0.86
3294,North York,2019,804500.0,2.44
3295,North York,2019,808700.0,2.21
3296,North York,2019,821700.0,4.63
3297,North York,2020,832400.0,6.52
3298,North York,2020,850900.0,9.07
3299,North York,2020,871700.0,10.58
3300,North York,2020,892100.0,12.16
3301,North York,2020,890500.0,10.87
3302,North York,2020,881100.0,9.56
3303,North York,2020,883300.0,9.71
3304,North York,2020,886300.0,10.17
3305,North York,2020,886600.0,11.33
3306,North York,2020,878500.0,9.2
3307,North York,2020,864800.0,6.99
3308,North York,2020,868400.0,5.69
3309,North York,2021,881100.0,5.89
3310,North York,2021,904400.0,6.33
3311,North York,2021,929700.0,6.66
3312,Old Toronto,2015,674700.0,5.54
3313,Old Toronto,2015,676300.0,7.88
3314,Old Toronto,2015,664500.0,5.89
3315,Old Toronto,2015,674400.0,5.6
3316,Old Toronto,2015,686200.0,6.56
3317,Old Toronto,2015,693100.0,8.04
3318,Old Toronto,2016,703000.0,8.39
3319,Old Toronto,2016,723500.0,9.71
3320,Old Toronto,2016,727900.0,9.49
3321,Old Toronto,2016,740000.0,11.05
3322,Old Toronto,2016,755600.0,13.07
3323,Old Toronto,2016,758400.0,11.93
3324,Old Toronto,2016,765500.0,13.5
3325,Old Toronto,2016,758700.0,12.18
3326,Old Toronto,2016,740000.0,11.37
3327,Old Toronto,2016,770200.0,14.19
3328,Old Toronto,2016,813100.0,18.53
3329,Old Toronto,2016,847600.0,22.23
3330,Old Toronto,2017,866100.0,19.52
3331,Old Toronto,2017,886400.0,18.69
3332,Old Toronto,2017,920200.0,22.19
3333,Old Toronto,2017,966200.0,25.18
3334,Old Toronto,2017,977800.0,25.71
3335,Old Toronto,2017,1001400.0,27.67
3336,Old Toronto,2017,958600.0,21.54
3337,Old Toronto,2017,938700.0,18.91
3338,Old Toronto,2017,930200.0,19.98
3339,Old Toronto,2017,946000.0,17.72
3340,Old Toronto,2017,939400.0,13.34
3341,Old Toronto,2017,942200.0,9.07
3342,Old Toronto,2018,949100.0,8.54
3343,Old Toronto,2018,966000.0,7.36
3344,Old Toronto,2018,975600.0,3.44
3345,Old Toronto,2018,1019700.0,3.29
3346,Old Toronto,2018,1042200.0,4.44
3347,Old Toronto,2018,1040300.0,3.87
3348,Old Toronto,2018,1034400.0,7.88
3349,Old Toronto,2018,1012500.0,7.85
3350,Old Toronto,2018,1043400.0,11.85
3351,Old Toronto,2018,1053100.0,11.32
3352,Old Toronto,2018,1048700.0,11.6
3353,Old Toronto,2018,1044300.0,10.84
3354,Old Toronto,2019,1046500.0,10.23
3355,Old Toronto,2019,1057500.0,9.44
3356,Old Toronto,2019,1073100.0,9.99
3357,Old Toronto,2019,1085600.0,6.46
3358,Old Toronto,2019,1080600.0,3.69
3359,Old Toronto,2019,1096200.0,5.37
3360,Old Toronto,2019,1087100.0,5.1
3361,Old Toronto,2019,1109000.0,9.53
3362,Old Toronto,2019,1102400.0,5.66
3363,Old Toronto,2019,1107400.0,5.16
3364,Old Toronto,2019,1112400.0,6.08
3365,Old Toronto,2019,1120900.0,7.33
3366,Old Toronto,2020,1114000.0,6.45
3367,Old Toronto,2020,1134000.0,7.24
3368,Old Toronto,2020,1167700.0,8.82
3369,Old Toronto,2020,1178000.0,8.52
3370,Old Toronto,2020,1165300.0,8.37
3371,Old Toronto,2020,1161600.0,6.45
3372,Old Toronto,2020,1199300.0,10.82
3373,Old Toronto,2020,1209800.0,9.62
3374,Old Toronto,2020,1205800.0,9.91
3375,Old Toronto,2020,1187400.0,7.77
3376,Old Toronto,2020,1180000.0,6.58
3377,Old Toronto,2020,1167500.0,4.69
3378,Old Toronto,2021,1170300.0,5.56
3379,Old Toronto,2021,1216400.0,7.75
3380,Old Toronto,2021,1276500.0,9.78
3381,Old Toronto,2015,755700.0,6.74
3382,Old Toronto,2015,763500.0,7.34
3383,Old Toronto,2015,759800.0,9.87
3384,Old Toronto,2015,763900.0,11.12
3385,Old Toronto,2015,768400.0,10.45
3386,Old Toronto,2015,764600.0,6.99
3387,Old Toronto,2016,784700.0,9.52
3388,Old Toronto,2016,792600.0,12.73
3389,Old Toronto,2016,802300.0,12.55
3390,Old Toronto,2016,807100.0,10.8
3391,Old Toronto,2016,814600.0,8.28
3392,Old Toronto,2016,835100.0,10.18
3393,Old Toronto,2016,837000.0,10.81
3394,Old Toronto,2016,823100.0,7.87
3395,Old Toronto,2016,825400.0,8.64
3396,Old Toronto,2016,839500.0,9.91
3397,Old Toronto,2016,865600.0,12.72
3398,Old Toronto,2016,900300.0,17.75
3399,Old Toronto,2017,940400.0,16.27
3400,Old Toronto,2017,959900.0,17.65
3401,Old Toronto,2017,1003200.0,21.38
3402,Old Toronto,2017,1049400.0,26.06
3403,Old Toronto,2017,1101300.0,31.11
3404,Old Toronto,2017,1059700.0,23.6
3405,Old Toronto,2017,1017700.0,17.87
3406,Old Toronto,2017,986500.0,15.77
3407,Old Toronto,2017,974100.0,14.57
3408,Old Toronto,2017,978900.0,13.84
3409,Old Toronto,2017,998100.0,12.81
3410,Old Toronto,2017,998500.0,8.57
3411,Old Toronto,2018,1012300.0,8.97
3412,Old Toronto,2018,1019500.0,8.29
3413,Old Toronto,2018,1037900.0,4.18
3414,Old Toronto,2018,1049900.0,1.67
3415,Old Toronto,2018,1072400.0,-0.28
3416,Old Toronto,2018,1078400.0,1.77
3417,Old Toronto,2018,1072000.0,5.35
3418,Old Toronto,2018,1062800.0,7.83
3419,Old Toronto,2018,1068000.0,9.61
3420,Old Toronto,2018,1056400.0,8.0
3421,Old Toronto,2018,1032400.0,3.61
3422,Old Toronto,2018,1040700.0,4.32
3423,Old Toronto,2019,1046300.0,3.44
3424,Old Toronto,2019,1072900.0,5.37
3425,Old Toronto,2019,1089700.0,5.17
3426,Old Toronto,2019,1096500.0,4.53
3427,Old Toronto,2019,1090900.0,1.85
3428,Old Toronto,2019,1089400.0,1.15
3429,Old Toronto,2019,1112900.0,3.99
3430,Old Toronto,2019,1109900.0,4.44
3431,Old Toronto,2019,1132400.0,6.03
3432,Old Toronto,2019,1129800.0,6.95
3433,Old Toronto,2019,1121200.0,8.6
3434,Old Toronto,2019,1118900.0,7.52
3435,Old Toronto,2020,1111400.0,6.23
3436,Old Toronto,2020,1128700.0,5.2
3437,Old Toronto,2020,1156000.0,6.08
3438,Old Toronto,2020,1172500.0,6.93
3439,Old Toronto,2020,1162800.0,6.59
3440,Old Toronto,2020,1143000.0,4.95
3441,Old Toronto,2020,1169900.0,5.11
3442,Old Toronto,2020,1187900.0,7.02
3443,Old Toronto,2020,1193900.0,5.42
3444,Old Toronto,2020,1192000.0,5.54
3445,Old Toronto,2020,1188300.0,5.98
3446,Old Toronto,2020,1179300.0,5.11
3447,Old Toronto,2021,1165800.0,4.89
3448,Old Toronto,2021,1215200.0,7.41
3449,Old Toronto,2021,1312600.0,13.58
3450,East York,2015,591700.0,12.8
3451,East York,2015,589600.0,13.25
3452,East York,2015,602200.0,14.39
3453,East York,2015,609900.0,14.52
3454,East York,2015,627200.0,15.68
3455,East York,2015,632700.0,15.59
3456,East York,2016,640300.0,16.08
3457,East York,2016,647100.0,15.06
3458,East York,2016,657900.0,18.67
3459,East York,2016,663400.0,16.31
3460,East York,2016,667700.0,14.17
3461,East York,2016,680100.0,16.27
3462,East York,2016,685000.0,15.77
3463,East York,2016,681600.0,15.62
3464,East York,2016,680400.0,12.99
3465,East York,2016,712400.0,16.82
3466,East York,2016,727800.0,16.06
3467,East York,2016,734300.0,16.07
3468,East York,2017,733900.0,16.11
3469,East York,2017,764300.0,18.45
3470,East York,2017,808900.0,23.37
3471,East York,2017,846500.0,28.13
3472,East York,2017,834500.0,25.61
3473,East York,2017,820100.0,20.25
3474,East York,2017,777400.0,12.91
3475,East York,2017,740800.0,8.03
3476,East York,2017,737100.0,7.98
3477,East York,2017,760500.0,6.41
3478,East York,2017,757100.0,3.93
3479,East York,2017,754300.0,2.47
3480,East York,2018,750600.0,1.54
3481,East York,2018,776800.0,1.0
3482,East York,2018,803200.0,-1.81
3483,East York,2018,819800.0,-3.69
3484,East York,2018,837700.0,-0.22
3485,East York,2018,825700.0,0.68
3486,East York,2018,813700.0,4.67
3487,East York,2018,810300.0,9.39
3488,East York,2018,802900.0,8.93
3489,East York,2018,803200.0,5.62
3490,East York,2018,797100.0,5.28
3491,East York,2018,806900.0,6.97
3492,East York,2019,805700.0,7.34
3493,East York,2019,816100.0,5.07
3494,East York,2019,834900.0,3.94
3495,East York,2019,842600.0,2.78
3496,East York,2019,840400.0,0.33
3497,East York,2019,836400.0,1.3
3498,East York,2019,836800.0,2.8
3499,East York,2019,829400.0,2.35
3500,East York,2019,835800.0,4.1
3501,East York,2019,855800.0,6.55
3502,East York,2019,866600.0,8.72
3503,East York,2019,874900.0,8.43
3504,East York,2020,863500.0,7.18
3505,East York,2020,871800.0,6.82
3506,East York,2020,880700.0,5.49
3507,East York,2020,894900.0,6.21
3508,East York,2020,917600.0,9.19
3509,East York,2020,908400.0,8.61
3510,East York,2020,938200.0,12.13
3511,East York,2020,940300.0,13.39
3512,East York,2020,947400.0,13.4
3513,East York,2020,936700.0,9.49
3514,East York,2020,938800.0,8.42
3515,East York,2020,922200.0,5.49
3516,East York,2021,936700.0,8.52
3517,East York,2021,994800.0,14.15
3518,East York,2021,1039700.0,18.02
3519,Scarborough,2015,472000.0,8.05
3520,Scarborough,2015,474700.0,7.93
3521,Scarborough,2015,481000.0,9.49
3522,Scarborough,2015,482500.0,9.45
3523,Scarborough,2015,480700.0,9.05
3524,Scarborough,2015,484500.0,8.73
3525,Scarborough,2016,480700.0,7.28
3526,Scarborough,2016,484700.0,7.16
3527,Scarborough,2016,490700.0,7.71
3528,Scarborough,2016,506300.0,9.8
3529,Scarborough,2016,521800.0,11.71
3530,Scarborough,2016,538600.0,14.88
3531,Scarborough,2016,530400.0,12.33
3532,Scarborough,2016,534600.0,12.64
3533,Scarborough,2016,547900.0,13.94
3534,Scarborough,2016,556200.0,15.3
3535,Scarborough,2016,555200.0,15.45
3536,Scarborough,2016,573500.0,18.39
3537,Scarborough,2017,568300.0,20.41
3538,Scarborough,2017,587300.0,23.34
3539,Scarborough,2017,631800.0,31.11
3540,Scarborough,2017,652800.0,31.49
3541,Scarborough,2017,657000.0,28.75
3542,Scarborough,2017,644600.0,23.58
3543,Scarborough,2017,627300.0,21.65
3544,Scarborough,2017,608800.0,17.1
3545,Scarborough,2017,598900.0,12.69
3546,Scarborough,2017,604600.0,12.14
3547,Scarborough,2017,606100.0,12.52
3548,Scarborough,2017,614000.0,10.54
3549,Scarborough,2018,617700.0,9.64
3550,Scarborough,2018,619900.0,6.27
3551,Scarborough,2018,621200.0,-1.14
3552,Scarborough,2018,630100.0,-2.74
3553,Scarborough,2018,635000.0,-2.5
3554,Scarborough,2018,639000.0,-0.88
3555,Scarborough,2018,644100.0,2.68
3556,Scarborough,2018,640700.0,5.23
3557,Scarborough,2018,646400.0,7.92
3558,Scarborough,2018,644600.0,6.62
3559,Scarborough,2018,646100.0,6.6
3560,Scarborough,2018,643600.0,4.83
3561,Scarborough,2019,640200.0,3.64
3562,Scarborough,2019,640200.0,3.27
3563,Scarborough,2019,653800.0,5.25
3564,Scarborough,2019,668600.0,6.12
3565,Scarborough,2019,671300.0,5.72
3566,Scarborough,2019,672800.0,5.3
3567,Scarborough,2019,674000.0,4.64
3568,Scarborough,2019,676300.0,5.55
3569,Scarborough,2019,681400.0,5.43
3570,Scarborough,2019,688100.0,6.74
3571,Scarborough,2019,700700.0,8.45
3572,Scarborough,2019,706400.0,9.75
3573,Scarborough,2020,711600.0,11.15
3574,Scarborough,2020,724400.0,13.16
3575,Scarborough,2020,741700.0,13.45
3576,Scarborough,2020,744400.0,11.3
3577,Scarborough,2020,750100.0,11.5
3578,Scarborough,2020,746400.0,10.66
3579,Scarborough,2020,769100.0,13.95
3580,Scarborough,2020,780700.0,15.46
3581,Scarborough,2020,788600.0,15.7
3582,Scarborough,2020,793100.0,15.22
3583,Scarborough,2020,791800.0,13.06
3584,Scarborough,2020,783400.0,10.8
3585,Scarborough,2021,800200.0,12.43
3586,Scarborough,2021,829400.0,14.27
3587,Scarborough,2021,866700.0,16.32
3588,Scarborough,2015,491300.0,8.89
3589,Scarborough,2015,488300.0,8.76
3590,Scarborough,2015,495500.0,9.91
3591,Scarborough,2015,502800.0,10.78
3592,Scarborough,2015,499000.0,9.7
3593,Scarborough,2015,505700.0,11.1
3594,Scarborough,2016,502700.0,9.49
3595,Scarborough,2016,515300.0,11.07
3596,Scarborough,2016,529500.0,12.56
3597,Scarborough,2016,546800.0,14.57
3598,Scarborough,2016,564200.0,15.11
3599,Scarborough,2016,581600.0,18.4
3600,Scarborough,2016,582200.0,18.57
3601,Scarborough,2016,589900.0,20.81
3602,Scarborough,2016,600000.0,21.17
3603,Scarborough,2016,604300.0,20.21
3604,Scarborough,2016,604600.0,21.23
3605,Scarborough,2016,614000.0,21.42
3606,Scarborough,2017,605300.0,23.3
3607,Scarborough,2017,623200.0,23.63
3608,Scarborough,2017,656800.0,26.99
3609,Scarborough,2017,687000.0,28.59
3610,Scarborough,2017,686200.0,24.64
3611,Scarborough,2017,674600.0,18.97
3612,Scarborough,2017,671200.0,18.32
3613,Scarborough,2017,651000.0,13.24
3614,Scarborough,2017,651800.0,11.29
3615,Scarborough,2017,651500.0,10.55
3616,Scarborough,2017,646000.0,9.52
3617,Scarborough,2017,632900.0,5.88
3618,Scarborough,2018,629200.0,3.9
3619,Scarborough,2018,639700.0,2.74
3620,Scarborough,2018,643700.0,-2.0
3621,Scarborough,2018,636300.0,-7.37
3622,Scarborough,2018,641300.0,-6.54
3623,Scarborough,2018,649700.0,-3.7
3624,Scarborough,2018,648900.0,-3.32
3625,Scarborough,2018,644700.0,-0.97
3626,Scarborough,2018,637100.0,-2.25
3627,Scarborough,2018,642100.0,-1.45
3628,Scarborough,2018,635500.0,-1.62
3629,Scarborough,2018,632400.0,-0.08
3630,Scarborough,2019,630500.0,0.21
3631,Scarborough,2019,643100.0,0.53
3632,Scarborough,2019,643400.0,-0.04
3633,Scarborough,2019,646800.0,1.65
3634,Scarborough,2019,653100.0,1.84
3635,Scarborough,2019,658900.0,1.41
3636,Scarborough,2019,659100.0,1.58
3637,Scarborough,2019,666000.0,3.3
3638,Scarborough,2019,663600.0,4.16
3639,Scarborough,2019,670200.0,4.37
3640,Scarborough,2019,671500.0,5.66
3641,Scarborough,2019,677200.0,7.1
3642,Scarborough,2020,694600.0,10.15
3643,Scarborough,2020,704300.0,9.51
3644,Scarborough,2020,720800.0,12.03
3645,Scarborough,2020,735800.0,13.71
3646,Scarborough,2020,746000.0,14.22
3647,Scarborough,2020,729700.0,10.75
3648,Scarborough,2020,736800.0,11.83
3649,Scarborough,2020,740200.0,11.15
3650,Scarborough,2020,747500.0,12.65
3651,Scarborough,2020,748100.0,11.63
3652,Scarborough,2020,749400.0,11.61
3653,Scarborough,2020,753800.0,11.27
3654,Scarborough,2021,761500.0,9.63
3655,Scarborough,2021,787200.0,11.77
3656,Scarborough,2021,818100.0,13.55
3657,Scarborough,2015,563300.0,9.2
3658,Scarborough,2015,574300.0,11.39
3659,Scarborough,2015,577200.0,11.45
3660,Scarborough,2015,584800.0,12.19
3661,Scarborough,2015,582800.0,11.09
3662,Scarborough,2015,581700.0,12.2
3663,Scarborough,2016,565400.0,9.16
3664,Scarborough,2016,588800.0,13.38
3665,Scarborough,2016,594200.0,13.12
3666,Scarborough,2016,600100.0,11.9
3667,Scarborough,2016,634300.0,17.84
3668,Scarborough,2016,639400.0,16.46
3669,Scarborough,2016,647500.0,14.99
3670,Scarborough,2016,649500.0,13.08
3671,Scarborough,2016,651200.0,12.82
3672,Scarborough,2016,663600.0,13.47
3673,Scarborough,2016,675200.0,15.84
3674,Scarborough,2016,685700.0,17.86
3675,Scarborough,2017,680700.0,20.7
3676,Scarborough,2017,697700.0,20.38
3677,Scarborough,2017,739800.0,26.67
3678,Scarborough,2017,774400.0,31.15
3679,Scarborough,2017,776300.0,24.38
3680,Scarborough,2017,771600.0,22.16
3681,Scarborough,2017,721400.0,12.43
3682,Scarborough,2017,694700.0,8.12
3683,Scarborough,2017,706700.0,9.89
3684,Scarborough,2017,709700.0,8.25
3685,Scarborough,2017,712200.0,7.0
3686,Scarborough,2017,700200.0,3.76
3687,Scarborough,2018,699400.0,2.58
3688,Scarborough,2018,689100.0,-1.36
3689,Scarborough,2018,704200.0,-5.78
3690,Scarborough,2018,734000.0,-5.43
3691,Scarborough,2018,747900.0,-3.49
3692,Scarborough,2018,724000.0,-6.18
3693,Scarborough,2018,739000.0,2.44
3694,Scarborough,2018,716700.0,3.17
3695,Scarborough,2018,725300.0,2.64
3696,Scarborough,2018,725900.0,2.28
3697,Scarborough,2018,729800.0,2.47
3698,Scarborough,2018,740700.0,5.77
3699,Scarborough,2019,726500.0,3.87
3700,Scarborough,2019,747900.0,8.54
3701,Scarborough,2019,746300.0,5.98
3702,Scarborough,2019,753800.0,2.7
3703,Scarborough,2019,757400.0,1.27
3704,Scarborough,2019,764400.0,5.59
3705,Scarborough,2019,764900.0,3.43
3706,Scarborough,2019,755500.0,5.41
3707,Scarborough,2019,744300.0,2.61
3708,Scarborough,2019,753800.0,3.84
3709,Scarborough,2019,770500.0,5.58
3710,Scarborough,2019,770000.0,3.95
3711,Scarborough,2020,775500.0,6.76
3712,Scarborough,2020,778300.0,4.06
3713,Scarborough,2020,790600.0,5.94
3714,Scarborough,2020,801500.0,6.37
3715,Scarborough,2020,808400.0,6.7
3716,Scarborough,2020,792500.0,3.68
3717,Scarborough,2020,838500.0,9.62
3718,Scarborough,2020,854700.0,13.14
3719,Scarborough,2020,858600.0,15.36
3720,Scarborough,2020,850500.0,12.84
3721,Scarborough,2020,849100.0,10.21
3722,Scarborough,2020,850800.0,10.42
3723,Scarborough,2021,876200.0,12.98
3724,Scarborough,2021,913500.0,17.38
3725,Scarborough,2021,957300.0,21.05
3726,Scarborough,2015,494200.0,10.54
3727,Scarborough,2015,491200.0,10.12
3728,Scarborough,2015,487800.0,9.89
3729,Scarborough,2015,486600.0,8.47
3730,Scarborough,2015,489500.0,8.83
3731,Scarborough,2015,495700.0,10.38
3732,Scarborough,2016,501000.0,9.84
3733,Scarborough,2016,503300.0,8.51
3734,Scarborough,2016,514600.0,9.27
3735,Scarborough,2016,530400.0,10.77
3736,Scarborough,2016,541300.0,12.23
3737,Scarborough,2016,549200.0,12.37
3738,Scarborough,2016,549500.0,11.18
3739,Scarborough,2016,556600.0,13.37
3740,Scarborough,2016,562500.0,15.33
3741,Scarborough,2016,564000.0,15.92
3742,Scarborough,2016,569100.0,16.34
3743,Scarborough,2016,571400.0,15.34
3744,Scarborough,2017,570900.0,17.04
3745,Scarborough,2017,579700.0,16.56
3746,Scarborough,2017,606200.0,19.12
3747,Scarborough,2017,636100.0,21.21
3748,Scarborough,2017,656000.0,22.58
3749,Scarborough,2017,660400.0,21.68
3750,Scarborough,2017,660900.0,21.77
3751,Scarborough,2017,657900.0,19.71
3752,Scarborough,2017,644900.0,16.11
3753,Scarborough,2017,636600.0,14.2
3754,Scarborough,2017,629700.0,11.89
3755,Scarborough,2017,623100.0,10.38
3756,Scarborough,2018,615800.0,7.86
3757,Scarborough,2018,625100.0,7.91
3758,Scarborough,2018,629500.0,3.84
3759,Scarborough,2018,629700.0,-1.0
3760,Scarborough,2018,637300.0,-2.88
3761,Scarborough,2018,639300.0,-3.19
3762,Scarborough,2018,637600.0,-3.52
3763,Scarborough,2018,639500.0,-2.79
3764,Scarborough,2018,642500.0,-0.38
3765,Scarborough,2018,642200.0,0.89
3766,Scarborough,2018,648900.0,3.04
3767,Scarborough,2018,638300.0,2.44
3768,Scarborough,2019,638300.0,3.66
3769,Scarborough,2019,634900.0,1.57
3770,Scarborough,2019,648400.0,3.0
3771,Scarborough,2019,652300.0,3.58
3772,Scarborough,2019,653500.0,2.54
3773,Scarborough,2019,654700.0,2.42
3774,Scarborough,2019,661800.0,3.81
3775,Scarborough,2019,666700.0,4.25
3776,Scarborough,2019,669200.0,4.16
3777,Scarborough,2019,669000.0,4.16
3778,Scarborough,2019,684400.0,5.48
3779,Scarborough,2019,691500.0,8.33
3780,Scarborough,2020,705500.0,10.52
3781,Scarborough,2020,716300.0,12.82
3782,Scarborough,2020,727800.0,12.25
3783,Scarborough,2020,740000.0,13.41
3784,Scarborough,2020,735100.0,12.49
3785,Scarborough,2020,737300.0,12.62
3786,Scarborough,2020,747600.0,12.96
3787,Scarborough,2020,747600.0,12.13
3788,Scarborough,2020,743500.0,11.06
3789,Scarborough,2020,746900.0,11.69
3790,Scarborough,2020,746400.0,9.06
3791,Scarborough,2020,739500.0,6.91
3792,Scarborough,2021,748400.0,6.08
3793,Scarborough,2021,768000.0,7.22
3794,Scarborough,2021,795200.0,9.3
3795,Scarborough,2015,459800.0,15.2
3796,Scarborough,2015,464000.0,15.68
3797,Scarborough,2015,465200.0,14.23
3798,Scarborough,2015,469600.0,14.29
3799,Scarborough,2015,467700.0,13.6
3800,Scarborough,2015,467200.0,13.62
3801,Scarborough,2016,458000.0,11.34
3802,Scarborough,2016,466600.0,12.29
3803,Scarborough,2016,468900.0,8.59
3804,Scarborough,2016,472500.0,7.19
3805,Scarborough,2016,492200.0,11.15
3806,Scarborough,2016,500300.0,11.13
3807,Scarborough,2016,506700.0,10.32
3808,Scarborough,2016,507700.0,9.54
3809,Scarborough,2016,513500.0,10.34
3810,Scarborough,2016,528500.0,12.55
3811,Scarborough,2016,536100.0,14.65
3812,Scarborough,2016,547900.0,17.3
3813,Scarborough,2017,540800.0,21.33
3814,Scarborough,2017,554600.0,21.72
3815,Scarborough,2017,585200.0,27.97
3816,Scarborough,2017,620200.0,34.77
3817,Scarborough,2017,634200.0,32.59
3818,Scarborough,2017,631800.0,30.05
3819,Scarborough,2017,609800.0,23.69
3820,Scarborough,2017,602800.0,22.15
3821,Scarborough,2017,606900.0,21.5
3822,Scarborough,2017,605200.0,17.64
3823,Scarborough,2017,605700.0,15.88
3824,Scarborough,2017,602600.0,12.99
3825,Scarborough,2018,601600.0,11.2
3826,Scarborough,2018,599700.0,8.14
3827,Scarborough,2018,609600.0,4.16
3828,Scarborough,2018,627900.0,1.25
3829,Scarborough,2018,628600.0,-0.88
3830,Scarborough,2018,629100.0,-0.42
3831,Scarborough,2018,636400.0,4.35
3832,Scarborough,2018,627000.0,4.0
3833,Scarborough,2018,639000.0,5.29
3834,Scarborough,2018,636600.0,5.18
3835,Scarborough,2018,640700.0,5.78
3836,Scarborough,2018,645100.0,7.05
3837,Scarborough,2019,641700.0,6.66
3838,Scarborough,2019,655400.0,9.3
3839,Scarborough,2019,661200.0,8.47
3840,Scarborough,2019,664600.0,5.84
3841,Scarborough,2019,663400.0,5.53
3842,Scarborough,2019,670600.0,6.6
3843,Scarborough,2019,663900.0,4.32
3844,Scarborough,2019,663600.0,5.85
3845,Scarborough,2019,660500.0,3.36
3846,Scarborough,2019,673000.0,5.72
3847,Scarborough,2019,681000.0,6.29
3848,Scarborough,2019,681000.0,5.57
3849,Scarborough,2020,683900.0,6.58
3850,Scarborough,2020,692100.0,5.6
3851,Scarborough,2020,706400.0,6.82
3852,Scarborough,2020,717500.0,7.91
3853,Scarborough,2020,725600.0,9.39
3854,Scarborough,2020,724700.0,8.06
3855,Scarborough,2020,740100.0,11.49
3856,Scarborough,2020,755100.0,13.78
3857,Scarborough,2020,758400.0,14.83
3858,Scarborough,2020,756700.0,12.4
3859,Scarborough,2020,758200.0,11.34
3860,Scarborough,2020,760100.0,11.58
3861,Scarborough,2021,777500.0,13.65
3862,Scarborough,2021,800700.0,15.73
3863,Scarborough,2021,831300.0,17.66
3864,Scarborough,2015,424700.0,9.66
3865,Scarborough,2015,426900.0,9.47
3866,Scarborough,2015,432900.0,10.75
3867,Scarborough,2015,433700.0,10.66
3868,Scarborough,2015,432700.0,9.07
3869,Scarborough,2015,436300.0,10.18
3870,Scarborough,2016,427900.0,6.88
3871,Scarborough,2016,442200.0,8.22
3872,Scarborough,2016,450900.0,8.61
3873,Scarborough,2016,463200.0,10.61
3874,Scarborough,2016,474500.0,11.84
3875,Scarborough,2016,483700.0,13.48
3876,Scarborough,2016,488500.0,15.07
3877,Scarborough,2016,491200.0,15.05
3878,Scarborough,2016,497500.0,14.96
3879,Scarborough,2016,502600.0,15.93
3880,Scarborough,2016,503000.0,16.3
3881,Scarborough,2016,509800.0,16.89
3882,Scarborough,2017,510000.0,19.03
3883,Scarborough,2017,524600.0,19.96
3884,Scarborough,2017,559500.0,25.54
3885,Scarborough,2017,589100.0,28.74
3886,Scarborough,2017,598900.0,27.81
3887,Scarborough,2017,595800.0,24.97
3888,Scarborough,2017,590600.0,22.4
3889,Scarborough,2017,571900.0,17.77
3890,Scarborough,2017,571200.0,16.03
3891,Scarborough,2017,573100.0,15.46
3892,Scarborough,2017,572200.0,14.99
3893,Scarborough,2017,572400.0,13.62
3894,Scarborough,2018,572400.0,12.24
3895,Scarborough,2018,571200.0,8.94
3896,Scarborough,2018,580300.0,3.72
3897,Scarborough,2018,590100.0,0.16
3898,Scarborough,2018,597000.0,-0.32
3899,Scarborough,2018,598000.0,0.36
3900,Scarborough,2018,603000.0,2.11
3901,Scarborough,2018,593900.0,3.85
3902,Scarborough,2018,592000.0,3.64
3903,Scarborough,2018,594200.0,3.67
3904,Scarborough,2018,596100.0,4.18
3905,Scarborough,2018,593400.0,3.68
3906,Scarborough,2019,599200.0,4.68
3907,Scarborough,2019,600400.0,5.11
3908,Scarborough,2019,615700.0,6.1
3909,Scarborough,2019,616400.0,4.46
3910,Scarborough,2019,623800.0,4.49
3911,Scarborough,2019,628100.0,5.04
3912,Scarborough,2019,631000.0,4.6
3913,Scarborough,2019,633400.0,6.64
3914,Scarborough,2019,634600.0,7.19
3915,Scarborough,2019,643600.0,8.33
3916,Scarborough,2019,653900.0,9.71
3917,Scarborough,2019,656600.0,10.64
3918,Scarborough,2020,667300.0,11.37
3919,Scarborough,2020,683600.0,13.86
3920,Scarborough,2020,704100.0,14.37
3921,Scarborough,2020,713200.0,15.75
3922,Scarborough,2020,713200.0,14.33
3923,Scarborough,2020,696400.0,10.89
3924,Scarborough,2020,716500.0,13.57
3925,Scarborough,2020,718900.0,13.51
3926,Scarborough,2020,721100.0,13.64
3927,Scarborough,2020,713400.0,10.89
3928,Scarborough,2020,715600.0,9.43
3929,Scarborough,2020,716800.0,9.18
3930,Scarborough,2021,728000.0,9.1
3931,Scarborough,2021,756000.0,10.6
3932,Scarborough,2021,784400.0,11.41
3933,Scarborough,2015,550100.0,13.69
3934,Scarborough,2015,553800.0,14.05
3935,Scarborough,2015,555200.0,14.68
3936,Scarborough,2015,547500.0,10.07
3937,Scarborough,2015,545800.0,8.56
3938,Scarborough,2015,552900.0,8.98
3939,Scarborough,2016,550300.0,6.29
3940,Scarborough,2016,569900.0,8.05
3941,Scarborough,2016,581800.0,9.31
3942,Scarborough,2016,599300.0,11.89
3943,Scarborough,2016,604100.0,12.67
3944,Scarborough,2016,619400.0,14.5
3945,Scarborough,2016,627900.0,14.15
3946,Scarborough,2016,637800.0,15.18
3947,Scarborough,2016,645500.0,16.27
3948,Scarborough,2016,661300.0,20.79
3949,Scarborough,2016,664400.0,21.73
3950,Scarborough,2016,658200.0,19.05
3951,Scarborough,2017,659000.0,19.77
3952,Scarborough,2017,670400.0,18.95
3953,Scarborough,2017,714700.0,24.21
3954,Scarborough,2017,768000.0,29.86
3955,Scarborough,2017,799700.0,33.63
3956,Scarborough,2017,781200.0,27.26
3957,Scarborough,2017,756200.0,21.64
3958,Scarborough,2017,733800.0,16.05
3959,Scarborough,2017,732100.0,14.41
3960,Scarborough,2017,715900.0,9.15
3961,Scarborough,2017,722000.0,9.43
3962,Scarborough,2017,707700.0,8.28
3963,Scarborough,2018,709100.0,7.61
3964,Scarborough,2018,697600.0,4.23
3965,Scarborough,2018,694000.0,-2.9
3966,Scarborough,2018,716700.0,-6.68
3967,Scarborough,2018,728700.0,-8.87
3968,Scarborough,2018,730200.0,-6.53
3969,Scarborough,2018,728200.0,-3.71
3970,Scarborough,2018,729000.0,-0.65
3971,Scarborough,2018,733500.0,0.19
3972,Scarborough,2018,725900.0,1.41
3973,Scarborough,2018,727600.0,0.78
3974,Scarborough,2018,720300.0,1.78
3975,Scarborough,2019,711900.0,0.4
3976,Scarborough,2019,719800.0,3.17
3977,Scarborough,2019,733800.0,5.74
3978,Scarborough,2019,748900.0,4.5
3979,Scarborough,2019,745800.0,2.35
3980,Scarborough,2019,747200.0,2.34
3981,Scarborough,2019,746700.0,2.5
3982,Scarborough,2019,750900.0,3.0
3983,Scarborough,2019,745600.0,1.64
3984,Scarborough,2019,748900.0,3.17
3985,Scarborough,2019,764100.0,5.01
3986,Scarborough,2019,761800.0,5.76
3987,Scarborough,2020,777000.0,9.13
3988,Scarborough,2020,785900.0,9.19
3989,Scarborough,2020,808400.0,10.16
3990,Scarborough,2020,824300.0,9.99
3991,Scarborough,2020,835400.0,12.24
3992,Scarborough,2020,839900.0,12.71
3993,Scarborough,2020,835200.0,12.11
3994,Scarborough,2020,842200.0,12.59
3995,Scarborough,2020,855300.0,15.0
3996,Scarborough,2020,855300.0,14.48
3997,Scarborough,2020,864300.0,13.51
3998,Scarborough,2020,863200.0,13.61
3999,Scarborough,2021,874400.0,12.92
4000,Scarborough,2021,920100.0,17.38
4001,Scarborough,2021,956800.0,18.34
4002,Scarborough,2015,406500.0,15.18
4003,Scarborough,2015,407900.0,14.34
4004,Scarborough,2015,415800.0,15.07
4005,Scarborough,2015,408100.0,12.18
4006,Scarborough,2015,406100.0,11.23
4007,Scarborough,2015,403000.0,9.86
4008,Scarborough,2016,403500.0,11.18
4009,Scarborough,2016,414100.0,11.59
4010,Scarborough,2016,424900.0,11.32
4011,Scarborough,2016,441200.0,13.44
4012,Scarborough,2016,449200.0,13.36
4013,Scarborough,2016,460400.0,14.73
4014,Scarborough,2016,467400.0,14.97
4015,Scarborough,2016,475200.0,16.55
4016,Scarborough,2016,477400.0,14.79
4017,Scarborough,2016,484200.0,18.64
4018,Scarborough,2016,481400.0,18.51
4019,Scarborough,2016,484700.0,20.31
4020,Scarborough,2017,475500.0,20.64
4021,Scarborough,2017,479200.0,18.56
4022,Scarborough,2017,500700.0,21.05
4023,Scarborough,2017,548400.0,27.71
4024,Scarborough,2017,572400.0,30.59
4025,Scarborough,2017,577000.0,28.49
4026,Scarborough,2017,563000.0,23.75
4027,Scarborough,2017,551400.0,19.14
4028,Scarborough,2017,561300.0,20.7
4029,Scarborough,2017,555600.0,17.7
4030,Scarborough,2017,550100.0,17.25
4031,Scarborough,2017,553600.0,17.18
4032,Scarborough,2018,552500.0,16.24
4033,Scarborough,2018,555400.0,15.88
4034,Scarborough,2018,565200.0,12.89
4035,Scarborough,2018,564100.0,2.91
4036,Scarborough,2018,566900.0,-0.96
4037,Scarborough,2018,565600.0,-1.97
4038,Scarborough,2018,562100.0,-0.16
4039,Scarborough,2018,559900.0,1.55
4040,Scarborough,2018,567200.0,1.05
4041,Scarborough,2018,568700.0,2.36
4042,Scarborough,2018,578500.0,5.17
4043,Scarborough,2018,582500.0,5.22
4044,Scarborough,2019,570400.0,3.25
4045,Scarborough,2019,576600.0,3.82
4046,Scarborough,2019,582900.0,3.13
4047,Scarborough,2019,591400.0,4.85
4048,Scarborough,2019,586000.0,3.36
4049,Scarborough,2019,594900.0,5.18
4050,Scarborough,2019,606100.0,7.82
4051,Scarborough,2019,615100.0,9.84
4052,Scarborough,2019,616800.0,8.75
4053,Scarborough,2019,612400.0,7.69
4054,Scarborough,2019,616200.0,6.5
4055,Scarborough,2019,614000.0,5.41
4056,Old Toronto,2015,693900.0,2.97
4057,Old Toronto,2015,688600.0,2.93
4058,Old Toronto,2015,686600.0,3.76
4059,Old Toronto,2015,688200.0,4.39
4060,Old Toronto,2015,700100.0,6.98
4061,Old Toronto,2015,700500.0,5.53
4062,Old Toronto,2016,693600.0,6.38
4063,Old Toronto,2016,707100.0,10.73
4064,Old Toronto,2016,708300.0,8.03
4065,Old Toronto,2016,728300.0,8.64
4066,Old Toronto,2016,734800.0,7.84
4067,Old Toronto,2016,757700.0,9.69
4068,Old Toronto,2016,742500.0,8.4
4069,Old Toronto,2016,740900.0,8.81
4070,Old Toronto,2016,743400.0,10.02
4071,Old Toronto,2016,766200.0,13.06
4072,Old Toronto,2016,786200.0,14.5
4073,Old Toronto,2016,768300.0,11.82
4074,Old Toronto,2017,764100.0,13.8
4075,Old Toronto,2017,774200.0,10.83
4076,Old Toronto,2017,805300.0,15.42
4077,Old Toronto,2017,813800.0,13.61
4078,Old Toronto,2017,828000.0,15.0
4079,Old Toronto,2017,898800.0,15.25
4080,Old Toronto,2017,897100.0,17.22
4081,Old Toronto,2017,886300.0,17.53
4082,Old Toronto,2017,883000.0,14.23
4083,Old Toronto,2017,908800.0,14.99
4084,Old Toronto,2017,908400.0,12.98
4085,Old Toronto,2017,909200.0,14.63
4086,Old Toronto,2018,905600.0,12.91
4087,Old Toronto,2018,906800.0,11.06
4088,Old Toronto,2018,932200.0,7.08
4089,Old Toronto,2018,985800.0,11.84
4090,Old Toronto,2018,1008800.0,13.62
4091,Old Toronto,2018,1012000.0,12.6
4092,Old Toronto,2018,1000300.0,11.5
4093,Old Toronto,2018,995500.0,12.32
4094,Old Toronto,2018,985800.0,11.64
4095,Old Toronto,2018,1008000.0,10.91
4096,Old Toronto,2018,1009600.0,11.14
4097,Old Toronto,2018,1010000.0,11.08
4098,Old Toronto,2019,999100.0,10.32
4099,Old Toronto,2019,984200.0,8.53
4100,Old Toronto,2019,1012000.0,8.56
4101,Old Toronto,2019,1071700.0,8.71
4102,Old Toronto,2019,1067200.0,5.79
4103,Old Toronto,2019,1073300.0,6.05
4104,Old Toronto,2019,1076100.0,7.57
4105,Old Toronto,2019,1058400.0,6.32
4106,Old Toronto,2019,1060400.0,7.56
4107,Old Toronto,2019,1074900.0,6.64
4108,Old Toronto,2019,1060000.0,4.99
4109,Old Toronto,2019,1046700.0,3.63
4110,Old Toronto,2020,1064400.0,6.53
4111,Old Toronto,2020,1074100.0,9.13
4112,Old Toronto,2020,1092200.0,7.93
4113,Old Toronto,2020,1102700.0,2.93
4114,Old Toronto,2020,1134400.0,6.31
4115,Old Toronto,2020,1111900.0,3.57
4116,Old Toronto,2020,1123900.0,4.46
4117,Old Toronto,2020,1125200.0,6.32
4118,Old Toronto,2020,1146500.0,8.13
4119,Old Toronto,2020,1112300.0,3.49
4120,Old Toronto,2020,1125200.0,6.16
4121,Old Toronto,2020,1101000.0,5.2
4122,Old Toronto,2021,1123500.0,5.53
4123,Old Toronto,2021,1147700.0,6.87
4124,Old Toronto,2021,1207400.0,10.55
4125,Old Toronto,2015,700900.0,2.86
4126,Old Toronto,2015,693700.0,2.45
4127,Old Toronto,2015,696200.0,2.17
4128,Old Toronto,2015,707000.0,5.2
4129,Old Toronto,2015,726500.0,7.01
4130,Old Toronto,2015,736900.0,8.95
4131,Old Toronto,2016,733400.0,7.84
4132,Old Toronto,2016,740300.0,6.92
4133,Old Toronto,2016,760400.0,9.5
4134,Old Toronto,2016,776700.0,9.39
4135,Old Toronto,2016,815200.0,13.55
4136,Old Toronto,2016,822100.0,14.91
4137,Old Toronto,2016,833500.0,19.04
4138,Old Toronto,2016,822800.0,18.6
4139,Old Toronto,2016,834700.0,20.06
4140,Old Toronto,2016,824600.0,16.73
4141,Old Toronto,2016,839700.0,15.81
4142,Old Toronto,2016,818100.0,11.11
4143,Old Toronto,2017,826300.0,12.52
4144,Old Toronto,2017,833600.0,12.02
4145,Old Toronto,2017,876800.0,14.75
4146,Old Toronto,2017,901900.0,15.61
4147,Old Toronto,2017,910600.0,11.23
4148,Old Toronto,2017,936900.0,11.47
4149,Old Toronto,2017,916200.0,8.01
4150,Old Toronto,2017,890300.0,6.69
4151,Old Toronto,2017,889200.0,4.56
4152,Old Toronto,2017,897700.0,6.72
4153,Old Toronto,2017,910900.0,6.62
4154,Old Toronto,2017,914100.0,9.64
4155,Old Toronto,2018,927200.0,9.95
4156,Old Toronto,2018,936900.0,9.75
4157,Old Toronto,2018,932900.0,2.94
4158,Old Toronto,2018,944000.0,1.65
4159,Old Toronto,2018,962100.0,2.42
4160,Old Toronto,2018,969900.0,3.53
4161,Old Toronto,2018,973500.0,6.25
4162,Old Toronto,2018,979000.0,9.82
4163,Old Toronto,2018,980800.0,9.54
4164,Old Toronto,2018,998600.0,11.08
4165,Old Toronto,2018,1000400.0,9.68
4166,Old Toronto,2018,1003200.0,9.6
4167,Old Toronto,2019,997500.0,7.39
4168,Old Toronto,2019,989700.0,5.5
4169,Old Toronto,2019,1003900.0,7.47
4170,Old Toronto,2019,1026700.0,8.62
4171,Old Toronto,2019,1027400.0,6.65
4172,Old Toronto,2019,1024600.0,5.5
4173,Old Toronto,2019,1036700.0,6.39
4174,Old Toronto,2019,1037400.0,5.96
4175,Old Toronto,2019,1049900.0,7.04
4176,Old Toronto,2019,1051600.0,5.31
4177,Old Toronto,2019,1048100.0,4.77
4178,Old Toronto,2019,1053100.0,4.97
4179,Old Toronto,2020,1053400.0,5.6
4180,Old Toronto,2020,1073300.0,8.45
4181,Old Toronto,2020,1091100.0,8.68
4182,Old Toronto,2020,1109600.0,8.08
4183,Old Toronto,2020,1163400.0,10.8
4184,Old Toronto,2020,1163800.0,11.06
4185,Old Toronto,2020,1189300.0,12.36
4186,Old Toronto,2020,1180800.0,11.07
4187,Old Toronto,2020,1186900.0,10.97
4188,Old Toronto,2020,1178300.0,9.84
4189,Old Toronto,2020,1178300.0,10.13
4190,Old Toronto,2020,1162300.0,8.17
4191,Old Toronto,2021,1179000.0,9.29
4192,Old Toronto,2021,1221700.0,11.48
4193,Old Toronto,2021,1269700.0,13.5
4194,York,2015,523600.0,10.75
4195,York,2015,518600.0,10.25
4196,York,2015,523100.0,12.24
4197,York,2015,532400.0,14.5
4198,York,2015,533400.0,13.15
4199,York,2015,536500.0,12.57
4200,York,2016,526900.0,9.96
4201,York,2016,536000.0,11.37
4202,York,2016,543200.0,9.69
4203,York,2016,557500.0,11.86
4204,York,2016,582100.0,14.6
4205,York,2016,591200.0,14.92
4206,York,2016,603900.0,15.7
4207,York,2016,607800.0,17.49
4208,York,2016,607000.0,16.47
4209,York,2016,615800.0,16.08
4210,York,2016,620800.0,16.78
4211,York,2016,620200.0,16.0
4212,York,2017,626700.0,17.93
4213,York,2017,637600.0,18.53
4214,York,2017,676100.0,24.0
4215,York,2017,719200.0,28.54
4216,York,2017,730600.0,24.9
4217,York,2017,730700.0,22.5
4218,York,2017,717300.0,17.75
4219,York,2017,689400.0,12.7
4220,York,2017,678800.0,10.97
4221,York,2017,686100.0,10.43
4222,York,2017,689700.0,10.23
4223,York,2017,687900.0,9.99
4224,York,2018,680600.0,8.07
4225,York,2018,689700.0,7.44
4226,York,2018,714700.0,4.77
4227,York,2018,731500.0,1.07
4228,York,2018,737400.0,0.35
4229,York,2018,741000.0,1.41
4230,York,2018,734300.0,2.37
4231,York,2018,720400.0,4.64
4232,York,2018,716000.0,5.38
4233,York,2018,727600.0,6.2
4234,York,2018,732700.0,6.35
4235,York,2018,726800.0,5.81
4236,York,2019,728100.0,7.04
4237,York,2019,732000.0,6.2
4238,York,2019,754100.0,5.59
4239,York,2019,764400.0,4.61
4240,York,2019,759300.0,3.04
4241,York,2019,757700.0,2.33
4242,York,2019,755400.0,2.87
4243,York,2019,756200.0,4.97
4244,York,2019,760500.0,6.22
4245,York,2019,769800.0,5.8
4246,York,2019,766500.0,4.6
4247,York,2019,766700.0,5.49
4248,York,2020,778300.0,6.89
4249,York,2020,795500.0,8.68
4250,York,2020,805300.0,6.79
4251,York,2020,817200.0,6.9
4252,York,2020,820200.0,8.34
4253,York,2020,801900.0,6.14
4254,York,2020,841300.0,11.78
4255,York,2020,853400.0,13.12
4256,York,2020,856000.0,12.88
4257,York,2020,846200.0,10.32
4258,York,2020,843900.0,10.42
4259,York,2020,844900.0,10.52
4260,York,2021,870400.0,12.01
4261,York,2021,911100.0,14.77
4262,York,2021,956000.0,18.8
4263,North York,2015,457600.0,10.5
4264,North York,2015,456500.0,9.14
4265,North York,2015,461800.0,10.95
4266,North York,2015,464700.0,12.71
4267,North York,2015,466500.0,11.73
4268,North York,2015,467800.0,11.42
4269,North York,2016,472500.0,11.29
4270,North York,2016,478500.0,11.81
4271,North York,2016,485000.0,10.9
4272,North York,2016,494200.0,11.26
4273,North York,2016,512500.0,13.85
4274,North York,2016,522200.0,15.06
4275,North York,2016,535100.0,16.41
4276,North York,2016,538500.0,17.42
4277,North York,2016,536600.0,15.7
4278,North York,2016,550500.0,18.09
4279,North York,2016,556000.0,18.94
4280,North York,2016,558400.0,18.97
4281,North York,2017,553400.0,19.7
4282,North York,2017,561900.0,19.87
4283,North York,2017,589600.0,23.88
4284,North York,2017,614700.0,27.04
4285,North York,2017,630900.0,25.72
4286,North York,2017,639200.0,25.49
4287,North York,2017,631500.0,21.18
4288,North York,2017,619500.0,18.06
4289,North York,2017,605900.0,15.41
4290,North York,2017,612300.0,14.13
4291,North York,2017,617000.0,13.85
4292,North York,2017,611300.0,12.07
4293,North York,2018,612300.0,11.16
4294,North York,2018,619300.0,10.71
4295,North York,2018,635900.0,8.29
4296,North York,2018,641300.0,4.81
4297,North York,2018,649000.0,3.18
4298,North York,2018,660700.0,3.37
4299,North York,2018,661300.0,4.7
4300,North York,2018,654900.0,5.75
4301,North York,2018,649500.0,6.6
4302,North York,2018,652900.0,6.61
4303,North York,2018,661300.0,7.18
4304,North York,2018,656700.0,7.41
4305,North York,2019,654900.0,6.94
4306,North York,2019,656900.0,6.12
4307,North York,2019,664100.0,4.43
4308,North York,2019,679200.0,5.91
4309,North York,2019,686400.0,5.76
4310,North York,2019,686600.0,3.87
4311,North York,2019,677400.0,2.4
4312,North York,2019,686600.0,4.85
4313,North York,2019,690500.0,6.31
4314,North York,2019,698900.0,7.06
4315,North York,2019,702000.0,6.16
4316,North York,2019,700000.0,6.59
4317,North York,2020,705100.0,7.66
4318,North York,2020,720400.0,9.66
4319,North York,2020,733500.0,10.45
4320,North York,2020,744000.0,9.54
4321,North York,2020,792800.0,14.22
4322,North York,2020,796700.0,14.14
4323,North York,2020,805400.0,16.33
4324,North York,2020,816900.0,17.0
4325,North York,2020,822600.0,16.53
4326,North York,2020,819000.0,14.85
4327,North York,2020,807700.0,13.6
4328,North York,2020,817400.0,13.82
4329,North York,2021,812300.0,11.67
4330,North York,2021,841000.0,12.83
4331,North York,2021,856400.0,12.31
4332,North York,2015,391400.0,12.21
4333,North York,2015,393500.0,11.31
4334,North York,2015,400600.0,13.86
4335,North York,2015,400200.0,12.73
4336,North York,2015,398700.0,13.55
4337,North York,2015,400600.0,14.09
4338,North York,2016,404200.0,15.5
4339,North York,2016,409200.0,14.97
4340,North York,2016,415400.0,14.27
4341,North York,2016,425100.0,14.4
4342,North York,2016,444200.0,16.98
4343,North York,2016,454600.0,16.6
4344,North York,2016,460600.0,17.76
4345,North York,2016,463400.0,17.78
4346,North York,2016,464600.0,16.04
4347,North York,2016,467500.0,16.83
4348,North York,2016,472700.0,18.56
4349,North York,2016,477200.0,19.19
4350,North York,2017,466800.0,20.71
4351,North York,2017,474300.0,19.75
4352,North York,2017,491200.0,22.35
4353,North York,2017,513200.0,25.27
4354,North York,2017,528900.0,23.12
4355,North York,2017,541400.0,24.17
4356,North York,2017,535700.0,21.02
4357,North York,2017,527400.0,18.19
4358,North York,2017,524300.0,15.9
4359,North York,2017,512900.0,13.5
4360,North York,2017,520500.0,13.74
4361,North York,2017,533600.0,15.52
4362,North York,2018,539700.0,15.55
4363,North York,2018,554000.0,17.4
4364,North York,2018,553500.0,12.88
4365,North York,2018,557100.0,8.91
4366,North York,2018,564200.0,6.12
4367,North York,2018,568900.0,5.09
4368,North York,2018,563500.0,5.18
4369,North York,2018,566800.0,7.47
4370,North York,2018,568000.0,8.33
4371,North York,2018,569400.0,11.01
4372,North York,2018,568000.0,9.12
4373,North York,2018,576500.0,8.05
4374,North York,2019,573900.0,6.33
4375,North York,2019,581300.0,4.93
4376,North York,2019,592200.0,6.99
4377,North York,2019,599600.0,7.63
4378,North York,2019,597700.0,5.93
4379,North York,2019,596500.0,4.84
4380,North York,2019,610500.0,8.39
4381,North York,2019,606700.0,7.04
4382,North York,2019,619000.0,8.98
4383,North York,2019,624200.0,9.63
4384,North York,2019,630200.0,10.95
4385,North York,2019,633500.0,9.88
4386,North York,2020,629500.0,9.68
4387,North York,2020,634500.0,9.15
4388,North York,2020,648500.0,9.5
4389,North York,2020,654900.0,9.27
4390,North York,2020,658000.0,10.05
4391,North York,2020,648500.0,8.67
4392,North York,2020,667300.0,9.25
4393,North York,2020,667700.0,10.02
4394,North York,2020,676500.0,9.24
4395,North York,2020,675300.0,8.14
4396,North York,2020,679600.0,7.8
4397,North York,2020,684600.0,8.02
4398,North York,2021,687000.0,9.09
4399,North York,2021,703800.0,10.85
4400,North York,2021,740200.0,14.05
4401,Etobicoke,2015,462800.0,2.12
4402,Etobicoke,2015,468700.0,4.96
4403,Etobicoke,2015,469800.0,5.77
4404,Etobicoke,2015,469000.0,2.35
4405,Etobicoke,2015,469500.0,2.48
4406,Etobicoke,2015,467500.0,2.43
4407,Etobicoke,2016,488600.0,5.41
4408,Etobicoke,2016,467900.0,5.11
4409,Etobicoke,2016,482100.0,7.54
4410,Etobicoke,2016,491500.0,7.05
4411,Etobicoke,2016,509000.0,8.51
4412,Etobicoke,2016,518300.0,11.54
4413,Etobicoke,2016,522900.0,13.04
4414,Etobicoke,2016,531100.0,13.38
4415,Etobicoke,2016,539600.0,14.9
4416,Etobicoke,2016,554100.0,18.22
4417,Etobicoke,2016,557100.0,18.62
4418,Etobicoke,2016,557900.0,19.33
4419,Etobicoke,2017,534200.0,17.91
4420,Etobicoke,2017,552900.0,21.41
4421,Etobicoke,2017,584300.0,24.84
4422,Etobicoke,2017,592800.0,24.71
4423,Etobicoke,2017,599200.0,22.37
4424,Etobicoke,2017,593100.0,18.7
4425,Etobicoke,2017,582800.0,16.72
4426,Etobicoke,2017,571100.0,11.88
4427,Etobicoke,2017,568800.0,9.29
4428,Etobicoke,2017,569900.0,7.75
4429,Etobicoke,2017,568500.0,7.53
4430,Etobicoke,2017,572300.0,8.37
4431,Etobicoke,2018,575800.0,7.79
4432,Etobicoke,2018,578700.0,5.27
4433,Etobicoke,2018,594500.0,1.75
4434,Etobicoke,2018,598900.0,0.99
4435,Etobicoke,2018,610900.0,1.96
4436,Etobicoke,2018,615900.0,3.85
4437,Etobicoke,2018,615600.0,5.63
4438,Etobicoke,2018,614400.0,7.59
4439,Etobicoke,2018,617700.0,8.6
4440,Etobicoke,2018,619100.0,8.63
4441,Etobicoke,2018,620900.0,9.22
4442,Etobicoke,2018,616500.0,7.73
4443,Etobicoke,2019,613000.0,6.46
4444,Etobicoke,2019,609500.0,5.31
4445,Etobicoke,2019,627300.0,5.52
4446,Etobicoke,2019,641100.0,7.04
4447,Etobicoke,2019,643700.0,5.37
4448,Etobicoke,2019,647200.0,5.09
4449,Etobicoke,2019,650500.0,5.71
4450,Etobicoke,2019,654300.0,6.48
4451,Etobicoke,2019,661600.0,7.11
4452,Etobicoke,2019,664500.0,7.33
4453,Etobicoke,2019,667200.0,7.45
4454,Etobicoke,2019,675100.0,9.5
4455,Etobicoke,2020,686200.0,11.94
4456,Etobicoke,2020,698800.0,14.66
4457,Etobicoke,2020,721300.0,14.99
4458,Etobicoke,2020,738300.0,15.22
4459,Etobicoke,2020,723100.0,12.57
4460,Etobicoke,2020,723100.0,11.96
4461,Etobicoke,2020,740600.0,14.11
4462,Etobicoke,2020,751700.0,15.09
4463,Etobicoke,2020,749400.0,13.57
4464,Etobicoke,2020,741200.0,11.74
4465,Etobicoke,2020,739800.0,11.17
4466,Etobicoke,2020,734800.0,9.14
4467,Etobicoke,2021,747300.0,9.16
4468,Etobicoke,2021,767200.0,10.13
4469,Etobicoke,2021,793400.0,10.34
4470,Etobicoke,2015,749700.0,4.39
4471,Etobicoke,2015,754800.0,6.37
4472,Etobicoke,2015,766700.0,8.77
4473,Etobicoke,2015,759000.0,4.7
4474,Etobicoke,2015,759000.0,4.15
4475,Etobicoke,2015,755200.0,4.11
4476,Etobicoke,2016,772700.0,6.65
4477,Etobicoke,2016,761600.0,7.33
4478,Etobicoke,2016,788000.0,7.75
4479,Etobicoke,2016,803000.0,6.5
4480,Etobicoke,2016,834100.0,8.06
4481,Etobicoke,2016,845600.0,12.79
4482,Etobicoke,2016,852000.0,13.71
4483,Etobicoke,2016,876700.0,16.21
4484,Etobicoke,2016,893300.0,16.51
4485,Etobicoke,2016,916300.0,20.85
4486,Etobicoke,2016,913300.0,20.39
4487,Etobicoke,2016,918000.0,21.63
4488,Etobicoke,2017,928100.0,23.23
4489,Etobicoke,2017,964900.0,28.33
4490,Etobicoke,2017,1051700.0,35.33
4491,Etobicoke,2017,1063300.0,34.67
4492,Etobicoke,2017,1057300.0,28.75
4493,Etobicoke,2017,1018500.0,21.85
4494,Etobicoke,2017,976100.0,15.58
4495,Etobicoke,2017,933700.0,7.08
4496,Etobicoke,2017,930700.0,4.48
4497,Etobicoke,2017,943100.0,3.04
4498,Etobicoke,2017,948200.0,3.66
4499,Etobicoke,2017,936700.0,1.96
4500,Etobicoke,2018,934500.0,0.51
4501,Etobicoke,2018,945200.0,-2.48
4502,Etobicoke,2018,970500.0,-8.19
4503,Etobicoke,2018,978200.0,-8.39
4504,Etobicoke,2018,989800.0,-6.78
4505,Etobicoke,2018,1002700.0,-1.56
4506,Etobicoke,2018,1004800.0,2.94
4507,Etobicoke,2018,984700.0,5.46
4508,Etobicoke,2018,999300.0,7.37
4509,Etobicoke,2018,1008300.0,6.91
4510,Etobicoke,2018,1006500.0,6.15
4511,Etobicoke,2018,974800.0,4.07
4512,Etobicoke,2019,967500.0,3.53
4513,Etobicoke,2019,966700.0,2.27
4514,Etobicoke,2019,985500.0,1.55
4515,Etobicoke,2019,1022800.0,4.56
4516,Etobicoke,2019,1029700.0,4.03
4517,Etobicoke,2019,1044300.0,4.15
4518,Etobicoke,2019,1044700.0,3.97
4519,Etobicoke,2019,1051100.0,6.75
4520,Etobicoke,2019,1058000.0,5.88
4521,Etobicoke,2019,1054600.0,4.59
4522,Etobicoke,2019,1048100.0,4.13
4523,Etobicoke,2019,1054100.0,8.14
4524,Etobicoke,2020,1044700.0,7.98
4525,Etobicoke,2020,1076400.0,11.35
4526,Etobicoke,2020,1098300.0,11.44
4527,Etobicoke,2020,1119300.0,9.38
4528,Etobicoke,2020,1108100.0,8.19
4529,Etobicoke,2020,1081600.0,4.12
4530,Etobicoke,2020,1128600.0,8.7
4531,Etobicoke,2020,1155600.0,10.57
4532,Etobicoke,2020,1155600.0,9.85
4533,Etobicoke,2020,1156500.0,10.29
4534,Etobicoke,2020,1152600.0,10.6
4535,Etobicoke,2020,1151700.0,10.11
4536,Etobicoke,2021,1178300.0,13.57
4537,Etobicoke,2021,1225400.0,14.38
4538,Etobicoke,2021,1281400.0,17.14
4539,Etobicoke,2015,631000.0,3.75
4540,Etobicoke,2015,631000.0,4.59
4541,Etobicoke,2015,644000.0,7.32
4542,Etobicoke,2015,640800.0,5.0
4543,Etobicoke,2015,648900.0,6.19
4544,Etobicoke,2015,643200.0,5.19
4545,Etobicoke,2016,646800.0,5.37
4546,Etobicoke,2016,643200.0,5.68
4547,Etobicoke,2016,661500.0,7.47
4548,Etobicoke,2016,677700.0,7.21
4549,Etobicoke,2016,692800.0,8.96
4550,Etobicoke,2016,704600.0,11.31
4551,Etobicoke,2016,705100.0,11.73
4552,Etobicoke,2016,711100.0,12.77
4553,Etobicoke,2016,716000.0,11.18
4554,Etobicoke,2016,735900.0,14.86
4555,Etobicoke,2016,734700.0,13.3
4556,Etobicoke,2016,734700.0,14.3
4557,Etobicoke,2017,725600.0,15.6
4558,Etobicoke,2017,748300.0,18.99
4559,Etobicoke,2017,798000.0,23.46
4560,Etobicoke,2017,828700.0,25.12
4561,Etobicoke,2017,852900.0,26.13
4562,Etobicoke,2017,846000.0,21.81
4563,Etobicoke,2017,821300.0,18.32
4564,Etobicoke,2017,801400.0,14.53
4565,Etobicoke,2017,800200.0,13.33
4566,Etobicoke,2017,807300.0,11.2
4567,Etobicoke,2017,800200.0,10.4
4568,Etobicoke,2017,808500.0,11.31
4569,Etobicoke,2018,806100.0,10.13
4570,Etobicoke,2018,818100.0,8.11
4571,Etobicoke,2018,839200.0,3.8
4572,Etobicoke,2018,854000.0,1.81
4573,Etobicoke,2018,866700.0,0.37
4574,Etobicoke,2018,884300.0,4.52
4575,Etobicoke,2018,886700.0,7.96
4576,Etobicoke,2018,872300.0,8.86
4577,Etobicoke,2018,870700.0,8.82
4578,Etobicoke,2018,873500.0,8.2
4579,Etobicoke,2018,875500.0,9.42
4580,Etobicoke,2018,861200.0,6.51
4581,Etobicoke,2019,864000.0,7.17
4582,Etobicoke,2019,868700.0,6.19
4583,Etobicoke,2019,889900.0,6.03
4584,Etobicoke,2019,907400.0,6.26
4585,Etobicoke,2019,916600.0,5.75
4586,Etobicoke,2019,925400.0,4.64
4587,Etobicoke,2019,921400.0,3.96
4588,Etobicoke,2019,929700.0,6.58
4589,Etobicoke,2019,941300.0,8.1
4590,Etobicoke,2019,935700.0,7.12
4591,Etobicoke,2019,935700.0,6.88
4592,Etobicoke,2019,940100.0,9.17
4593,Etobicoke,2020,949300.0,9.88
4594,Etobicoke,2020,964800.0,11.06
4595,Etobicoke,2020,993500.0,11.65
4596,Etobicoke,2020,995900.0,9.75
4597,Etobicoke,2020,1006300.0,9.83
4598,Etobicoke,2020,988400.0,6.81
4599,Etobicoke,2020,1007500.0,9.35
4600,Etobicoke,2020,1011500.0,8.79
4601,Etobicoke,2020,1019100.0,8.26
4602,Etobicoke,2020,1019100.0,8.9
4603,Etobicoke,2020,1005500.0,7.5
4604,Etobicoke,2020,1003900.0,6.79
4605,Etobicoke,2021,1007500.0,6.09
4606,Etobicoke,2021,1043000.0,8.05
4607,Etobicoke,2021,1079700.0,8.67
4608,Etobicoke,2015,437500.0,8.48
4609,Etobicoke,2015,434700.0,10.24
4610,Etobicoke,2015,433400.0,10.13
4611,Etobicoke,2015,429300.0,8.59
4612,Etobicoke,2015,437800.0,6.98
4613,Etobicoke,2015,441700.0,6.05
4614,Etobicoke,2016,446000.0,6.51
4615,Etobicoke,2016,455800.0,9.38
4616,Etobicoke,2016,457800.0,7.88
4617,Etobicoke,2016,472000.0,9.16
4618,Etobicoke,2016,486600.0,13.16
4619,Etobicoke,2016,500000.0,14.62
4620,Etobicoke,2016,489800.0,11.41
4621,Etobicoke,2016,490700.0,12.1
4622,Etobicoke,2016,497900.0,14.42
4623,Etobicoke,2016,521300.0,21.09
4624,Etobicoke,2016,510500.0,16.49
4625,Etobicoke,2016,509800.0,15.37
4626,Etobicoke,2017,508000.0,15.71
4627,Etobicoke,2017,511300.0,14.75
4628,Etobicoke,2017,542500.0,21.68
4629,Etobicoke,2017,580000.0,25.97
4630,Etobicoke,2017,579700.0,22.24
4631,Etobicoke,2017,580500.0,18.99
4632,Etobicoke,2017,561600.0,17.98
4633,Etobicoke,2017,558300.0,16.8
4634,Etobicoke,2017,559300.0,14.6
4635,Etobicoke,2017,565400.0,10.59
4636,Etobicoke,2017,560300.0,12.14
4637,Etobicoke,2017,560300.0,11.92
4638,Etobicoke,2018,555100.0,9.21
4639,Etobicoke,2018,558600.0,9.47
4640,Etobicoke,2018,568700.0,4.83
4641,Etobicoke,2018,579500.0,-0.09
4642,Etobicoke,2018,595800.0,2.78
4643,Etobicoke,2018,595100.0,2.52
4644,Etobicoke,2018,602900.0,7.35
4645,Etobicoke,2018,593800.0,6.36
4646,Etobicoke,2018,609200.0,8.91
4647,Etobicoke,2018,610200.0,7.93
4648,Etobicoke,2018,607200.0,8.36
4649,Etobicoke,2018,602900.0,7.59
4650,Etobicoke,2019,596100.0,7.39
4651,Etobicoke,2019,592600.0,6.08
4652,Etobicoke,2019,610200.0,7.3
4653,Etobicoke,2019,623800.0,7.65
4654,Etobicoke,2019,626800.0,5.2
4655,Etobicoke,2019,632600.0,6.3
4656,Etobicoke,2019,636600.0,5.59
4657,Etobicoke,2019,634400.0,6.82
4658,Etobicoke,2019,635400.0,4.3
4659,Etobicoke,2019,638100.0,4.58
4660,Etobicoke,2019,645900.0,6.38
4661,Etobicoke,2019,643200.0,6.68
4662,Etobicoke,2020,653700.0,9.67
4663,Etobicoke,2020,665800.0,12.36
4664,Etobicoke,2020,688200.0,12.79
4665,Etobicoke,2020,691500.0,10.86
4666,Etobicoke,2020,697800.0,11.33
4667,Etobicoke,2020,700800.0,10.83
4668,Etobicoke,2020,720400.0,13.17
4669,Etobicoke,2020,724000.0,14.17
4670,Etobicoke,2020,712600.0,12.16
4671,Etobicoke,2020,714600.0,11.99
4672,Etobicoke,2020,708300.0,9.66
4673,Etobicoke,2020,727000.0,12.99
4674,Etobicoke,2021,724200.0,10.78
4675,Etobicoke,2021,746900.0,12.17
4676,Etobicoke,2021,764000.0,11.09
4677,Etobicoke,2015,373700.0,8.2
4678,Etobicoke,2015,380600.0,8.61
4679,Etobicoke,2015,381100.0,9.54
4680,Etobicoke,2015,381100.0,8.67
4681,Etobicoke,2015,383400.0,9.26
4682,Etobicoke,2015,385800.0,9.27
4683,Etobicoke,2016,399000.0,12.06
4684,Etobicoke,2016,398100.0,9.51
4685,Etobicoke,2016,408300.0,11.05
4686,Etobicoke,2016,413100.0,11.18
4687,Etobicoke,2016,419900.0,12.64
4688,Etobicoke,2016,429800.0,14.96
4689,Etobicoke,2016,438900.0,17.53
4690,Etobicoke,2016,446100.0,17.2
4691,Etobicoke,2016,450300.0,18.15
4692,Etobicoke,2016,464000.0,21.74
4693,Etobicoke,2016,469300.0,22.4
4694,Etobicoke,2016,469500.0,21.79
4695,Etobicoke,2017,466500.0,20.08
4696,Etobicoke,2017,478900.0,21.91
4697,Etobicoke,2017,498000.0,22.54
4698,Etobicoke,2017,528200.0,28.64
4699,Etobicoke,2017,552600.0,32.21
4700,Etobicoke,2017,557400.0,31.17
4701,Etobicoke,2017,558600.0,30.73
4702,Etobicoke,2017,533200.0,22.75
4703,Etobicoke,2017,524700.0,18.65
4704,Etobicoke,2017,516400.0,14.21
4705,Etobicoke,2017,519400.0,13.09
4706,Etobicoke,2017,523300.0,13.71
4707,Etobicoke,2018,530000.0,13.52
4708,Etobicoke,2018,537600.0,12.27
4709,Etobicoke,2018,548900.0,10.12
4710,Etobicoke,2018,550300.0,4.19
4711,Etobicoke,2018,555100.0,0.37
4712,Etobicoke,2018,552100.0,-0.95
4713,Etobicoke,2018,556700.0,-0.33
4714,Etobicoke,2018,554900.0,4.06
4715,Etobicoke,2018,548700.0,4.57
4716,Etobicoke,2018,563200.0,9.05
4717,Etobicoke,2018,570300.0,9.8
4718,Etobicoke,2018,562900.0,7.57
4719,Etobicoke,2019,553000.0,4.35
4720,Etobicoke,2019,559000.0,3.98
4721,Etobicoke,2019,573300.0,4.45
4722,Etobicoke,2019,586700.0,6.61
4723,Etobicoke,2019,596100.0,7.39
4724,Etobicoke,2019,604900.0,9.55
4725,Etobicoke,2019,606700.0,8.98
4726,Etobicoke,2019,612900.0,10.46
4727,Etobicoke,2019,618000.0,12.64
4728,Etobicoke,2019,622400.0,10.51
4729,Etobicoke,2019,622100.0,9.09
4730,Etobicoke,2019,621200.0,10.35
4731,Etobicoke,2020,633700.0,14.58
4732,Etobicoke,2020,658300.0,17.76
4733,Etobicoke,2020,677200.0,18.12
4734,Etobicoke,2020,683600.0,16.58
4735,Etobicoke,2020,684300.0,14.26
4736,Etobicoke,2020,667900.0,9.9
4737,Etobicoke,2020,690600.0,13.17
4738,Etobicoke,2020,700400.0,13.63
4739,Etobicoke,2020,704900.0,13.41
4740,Etobicoke,2020,710400.0,13.79
4741,Etobicoke,2020,710400.0,13.33
4742,Etobicoke,2020,707000.0,13.45
4743,Etobicoke,2021,710400.0,12.36
4744,Etobicoke,2021,743500.0,12.62
4745,Etobicoke,2021,772100.0,13.79
